,source,target,weight
0,0,1,19
1,0,2,18
2,0,3,17
3,0,4,16
4,0,5,15
5,0,6,14
6,0,7,13
7,0,8,12
8,0,9,11
9,0,10,10
10,0,11,9
11,0,12,8
12,0,13,7
13,0,14,6
14,0,15,5
15,0,16,4
16,0,17,3
17,0,18,2
18,0,19,1
19,1,0,20
20,1,2,18
21,1,3,17
22,1,4,16
23,1,5,15
24,1,6,14
25,1,7,13
26,1,8,12
27,1,9,11
28,1,10,10
29,1,11,9
30,1,12,8
31,1,13,7
32,1,14,6
33,1,15,5
34,1,16,4
35,1,17,3
36,1,18,2
37,1,19,1
38,2,0,20
39,2,1,19
40,2,3,17
41,2,4,16
42,2,5,15
43,2,6,14
44,2,7,13
45,2,8,12
46,2,9,11
47,2,10,10
48,2,11,9
49,2,12,8
50,2,13,7
51,2,14,6
52,2,15,5
53,2,16,4
54,2,17,3
55,2,18,2
56,2,19,1
57,3,0,20
58,3,1,19
59,3,2,18
60,3,4,16
61,3,5,15
62,3,6,14
63,3,7,13
64,3,8,12
65,3,9,11
66,3,10,10
67,3,11,9
68,3,12,8
69,3,13,7
70,3,14,6
71,3,15,5
72,3,16,4
73,3,17,3
74,3,18,2
75,3,19,1
76,4,0,20
77,4,1,19
78,4,2,18
79,4,3,17
80,4,5,15
81,4,6,14
82,4,7,13
83,4,8,12
84,4,9,11
85,4,10,10
86,4,11,9
87,4,12,8
88,4,13,7
89,4,14,6
90,4,15,5
91,4,16,4
92,4,17,3
93,4,18,2
94,4,19,1
95,5,0,20
96,5,1,19
97,5,2,18
98,5,3,17
99,5,4,16
100,5,6,14
101,5,7,13
102,5,8,12
103,5,9,11
104,5,10,10
105,5,11,9
106,5,12,8
107,5,13,7
108,5,14,6
109,5,15,5
110,5,16,4
111,5,17,3
112,5,18,2
113,5,19,1
114,6,0,20
115,6,1,19
116,6,2,18
117,6,3,17
118,6,4,16
119,6,5,15
120,6,7,13
121,6,8,12
122,6,9,11
123,6,10,10
124,6,11,9
125,6,12,8
126,6,13,7
127,6,14,6
128,6,15,5
129,6,16,4
130,6,17,3
131,6,18,2
132,6,19,1
133,7,0,20
134,7,1,19
135,7,2,18
136,7,3,17
137,7,4,16
138,7,5,15
139,7,6,14
140,7,8,12
141,7,9,11
142,7,10,10
143,7,11,9
144,7,12,8
145,7,13,7
146,7,14,6
147,7,15,5
148,7,16,4
149,7,17,3
150,7,18,2
151,7,19,1
152,8,0,20
153,8,1,19
154,8,2,18
155,8,3,17
156,8,4,16
157,8,5,15
158,8,6,14
159,8,7,13
160,8,9,11
161,8,10,10
162,8,11,9
163,8,12,8
164,8,13,7
165,8,14,6
166,8,15,5
167,8,16,4
168,8,17,3
169,8,18,2
170,8,19,1
171,9,0,20
172,9,1,19
173,9,2,18
174,9,3,17
175,9,4,16
176,9,5,15
177,9,6,14
178,9,7,13
179,9,8,12
180,9,10,10
181,9,11,9
182,9,12,8
183,9,13,7
184,9,14,6
185,9,15,5
186,9,16,4
187,9,17,3
188,9,18,2
189,9,19,1
190,10,0,20
191,10,1,19
192,10,2,18
193,10,3,17
194,10,4,16
195,10,5,15
196,10,6,14
197,10,7,13
198,10,8,12
199,10,9,11
200,10,11,9
201,10,12,8
202,10,13,7
203,10,14,6
204,10,15,5
205,10,16,4
206,10,17,3
207,10,18,2
208,10,19,1
209,11,0,20
210,11,1,19
211,11,2,18
212,11,3,17
213,11,4,16
214,11,5,15
215,11,6,14
216,11,7,13
217,11,8,12
218,11,9,11
219,11,10,10
220,11,12,8
221,11,13,7
222,11,14,6
223,11,15,5
224,11,16,4
225,11,17,3
226,11,18,2
227,11,19,1
228,12,0,20
229,12,1,19
230,12,2,18
231,12,3,17
232,12,4,16
233,12,5,15
234,12,6,14
235,12,7,13
236,12,8,12
237,12,9,11
238,12,10,10
239,12,11,9
240,12,13,7
241,12,14,6
242,12,15,5
243,12,16,4
244,12,17,3
245,12,18,2
246,12,19,1
247,13,0,20
248,13,1,19
249,13,2,18
250,13,3,17
251,13,4,16
252,13,5,15
253,13,6,14
254,13,7,13
255,13,8,12
256,13,9,11
257,13,10,10
258,13,11,9
259,13,12,8
260,13,14,6
261,13,15,5
262,13,16,4
263,13,17,3
264,13,18,2
265,13,19,1
266,14,0,20
267,14,1,19
268,14,2,18
269,14,3,17
270,14,4,16
271,14,5,15
272,14,6,14
273,14,7,13
274,14,8,12
275,14,9,11
276,14,10,10
277,14,11,9
278,14,12,8
279,14,13,7
280,14,15,5
281,14,16,4
282,14,17,3
283,14,18,2
284,14,19,1
285,15,0,20
286,15,1,19
287,15,2,18
288,15,3,17
289,15,4,16
290,15,5,15
291,15,6,14
292,15,7,13
293,15,8,12
294,15,9,11
295,15,10,10
296,15,11,9
297,15,12,8
298,15,13,7
299,15,14,6
300,15,16,4
301,15,17,3
302,15,18,2
303,15,19,1
304,16,0,20
305,16,1,19
306,16,2,18
307,16,3,17
308,16,4,16
309,16,5,15
310,16,6,14
311,16,7,13
312,16,8,12
313,16,9,11
314,16,10,10
315,16,11,9
316,16,12,8
317,16,13,7
318,16,14,6
319,16,15,5
320,16,17,3
321,16,18,2
322,16,19,1
323,17,0,20
324,17,1,19
325,17,2,18
326,17,3,17
327,17,4,16
328,17,5,15
329,17,6,14
330,17,7,13
331,17,8,12
332,17,9,11
333,17,10,10
334,17,11,9
335,17,12,8
336,17,13,7
337,17,14,6
338,17,15,5
339,17,16,4
340,17,18,2
341,17,19,1
342,18,0,20
343,18,1,19
344,18,2,18
345,18,3,17
346,18,4,16
347,18,5,15
348,18,6,14
349,18,7,13
350,18,8,12
351,18,9,11
352,18,10,10
353,18,11,9
354,18,12,8
355,18,13,7
356,18,14,6
357,18,15,5
358,18,16,4
359,18,17,3
360,18,19,1
361,19,0,20
362,19,1,19
363,19,2,18
364,19,3,17
365,19,4,16
366,19,5,15
367,19,6,14
368,19,7,13
369,19,8,12
370,19,9,11
371,19,10,10
372,19,11,9
373,19,12,8
374,19,13,7
375,19,14,6
376,19,15,5
377,19,16,4
378,19,17,3
379,19,18,2
380,20,21,19
381,20,22,18
382,20,23,17
383,20,24,16
384,20,25,15
385,20,26,14
386,20,27,13
387,20,28,12
388,20,29,11
389,20,30,10
390,20,31,9
391,20,32,8
392,20,33,7
393,20,34,6
394,20,35,5
395,20,36,4
396,20,37,3
397,20,38,2
398,20,39,1
399,21,20,20
400,21,22,18
401,21,23,17
402,21,24,16
403,21,25,15
404,21,26,14
405,21,27,13
406,21,28,12
407,21,29,11
408,21,30,10
409,21,31,9
410,21,32,8
411,21,33,7
412,21,34,6
413,21,35,5
414,21,36,4
415,21,37,3
416,21,38,2
417,21,39,1
418,22,20,20
419,22,21,19
420,22,23,17
421,22,24,16
422,22,25,15
423,22,26,14
424,22,27,13
425,22,28,12
426,22,29,11
427,22,30,10
428,22,31,9
429,22,32,8
430,22,33,7
431,22,34,6
432,22,35,5
433,22,36,4
434,22,37,3
435,22,38,2
436,22,39,1
437,23,20,20
438,23,21,19
439,23,22,18
440,23,24,16
441,23,25,15
442,23,26,14
443,23,27,13
444,23,28,12
445,23,29,11
446,23,30,10
447,23,31,9
448,23,32,8
449,23,33,7
450,23,34,6
451,23,35,5
452,23,36,4
453,23,37,3
454,23,38,2
455,23,39,1
456,24,20,20
457,24,21,19
458,24,22,18
459,24,23,17
460,24,25,15
461,24,26,14
462,24,27,13
463,24,28,12
464,24,29,11
465,24,30,10
466,24,31,9
467,24,32,8
468,24,33,7
469,24,34,6
470,24,35,5
471,24,36,4
472,24,37,3
473,24,38,2
474,24,39,1
475,25,20,20
476,25,21,19
477,25,22,18
478,25,23,17
479,25,24,16
480,25,26,14
481,25,27,13
482,25,28,12
483,25,29,11
484,25,30,10
485,25,31,9
486,25,32,8
487,25,33,7
488,25,34,6
489,25,35,5
490,25,36,4
491,25,37,3
492,25,38,2
493,25,39,1
494,26,20,20
495,26,21,19
496,26,22,18
497,26,23,17
498,26,24,16
499,26,25,15
500,26,27,13
501,26,28,12
502,26,29,11
503,26,30,10
504,26,31,9
505,26,32,8
506,26,33,7
507,26,34,6
508,26,35,5
509,26,36,4
510,26,37,3
511,26,38,2
512,26,39,1
513,27,20,20
514,27,21,19
515,27,22,18
516,27,23,17
517,27,24,16
518,27,25,15
519,27,26,14
520,27,28,12
521,27,29,11
522,27,30,10
523,27,31,9
524,27,32,8
525,27,33,7
526,27,34,6
527,27,35,5
528,27,36,4
529,27,37,3
530,27,38,2
531,27,39,1
532,28,20,20
533,28,21,19
534,28,22,18
535,28,23,17
536,28,24,16
537,28,25,15
538,28,26,14
539,28,27,13
540,28,29,11
541,28,30,10
542,28,31,9
543,28,32,8
544,28,33,7
545,28,34,6
546,28,35,5
547,28,36,4
548,28,37,3
549,28,38,2
550,28,39,1
551,29,20,20
552,29,21,19
553,29,22,18
554,29,23,17
555,29,24,16
556,29,25,15
557,29,26,14
558,29,27,13
559,29,28,12
560,29,30,10
561,29,31,9
562,29,32,8
563,29,33,7
564,29,34,6
565,29,35,5
566,29,36,4
567,29,37,3
568,29,38,2
569,29,39,1
570,30,20,20
571,30,21,19
572,30,22,18
573,30,23,17
574,30,24,16
575,30,25,15
576,30,26,14
577,30,27,13
578,30,28,12
579,30,29,11
580,30,31,9
581,30,32,8
582,30,33,7
583,30,34,6
584,30,35,5
585,30,36,4
586,30,37,3
587,30,38,2
588,30,39,1
589,31,20,20
590,31,21,19
591,31,22,18
592,31,23,17
593,31,24,16
594,31,25,15
595,31,26,14
596,31,27,13
597,31,28,12
598,31,29,11
599,31,30,10
600,31,32,8
601,31,33,7
602,31,34,6
603,31,35,5
604,31,36,4
605,31,37,3
606,31,38,2
607,31,39,1
608,32,20,20
609,32,21,19
610,32,22,18
611,32,23,17
612,32,24,16
613,32,25,15
614,32,26,14
615,32,27,13
616,32,28,12
617,32,29,11
618,32,30,10
619,32,31,9
620,32,33,7
621,32,34,6
622,32,35,5
623,32,36,4
624,32,37,3
625,32,38,2
626,32,39,1
627,33,20,20
628,33,21,19
629,33,22,18
630,33,23,17
631,33,24,16
632,33,25,15
633,33,26,14
634,33,27,13
635,33,28,12
636,33,29,11
637,33,30,10
638,33,31,9
639,33,32,8
640,33,34,6
641,33,35,5
642,33,36,4
643,33,37,3
644,33,38,2
645,33,39,1
646,34,20,20
647,34,21,19
648,34,22,18
649,34,23,17
650,34,24,16
651,34,25,15
652,34,26,14
653,34,27,13
654,34,28,12
655,34,29,11
656,34,30,10
657,34,31,9
658,34,32,8
659,34,33,7
660,34,35,5
661,34,36,4
662,34,37,3
663,34,38,2
664,34,39,1
665,35,20,20
666,35,21,19
667,35,22,18
668,35,23,17
669,35,24,16
670,35,25,15
671,35,26,14
672,35,27,13
673,35,28,12
674,35,29,11
675,35,30,10
676,35,31,9
677,35,32,8
678,35,33,7
679,35,34,6
680,35,36,4
681,35,37,3
682,35,38,2
683,35,39,1
684,36,20,20
685,36,21,19
686,36,22,18
687,36,23,17
688,36,24,16
689,36,25,15
690,36,26,14
691,36,27,13
692,36,28,12
693,36,29,11
694,36,30,10
695,36,31,9
696,36,32,8
697,36,33,7
698,36,34,6
699,36,35,5
700,36,37,3
701,36,38,2
702,36,39,1
703,37,20,20
704,37,21,19
705,37,22,18
706,37,23,17
707,37,24,16
708,37,25,15
709,37,26,14
710,37,27,13
711,37,28,12
712,37,29,11
713,37,30,10
714,37,31,9
715,37,32,8
716,37,33,7
717,37,34,6
718,37,35,5
719,37,36,4
720,37,38,2
721,37,39,1
722,38,20,20
723,38,21,19
724,38,22,18
725,38,23,17
726,38,24,16
727,38,25,15
728,38,26,14
729,38,27,13
730,38,28,12
731,38,29,11
732,38,30,10
733,38,31,9
734,38,32,8
735,38,33,7
736,38,34,6
737,38,35,5
738,38,36,4
739,38,37,3
740,38,39,1
741,39,20,20
742,39,21,19
743,39,22,18
744,39,23,17
745,39,24,16
746,39,25,15
747,39,26,14
748,39,27,13
749,39,28,12
750,39,29,11
751,39,30,10
752,39,31,9
753,39,32,8
754,39,33,7
755,39,34,6
756,39,35,5
757,39,36,4
758,39,37,3
759,39,38,2
760,40,41,19
761,40,42,18
762,40,43,17
763,40,23,16
764,40,45,15
765,40,30,14
766,40,4,13
767,40,48,12
768,40,49,11
769,40,16,10
770,40,29,9
771,40,11,8
772,40,53,7
773,40,54,6
774,40,33,5
775,40,56,4
776,40,57,3
777,40,0,2
778,40,59,1
779,41,40,20
780,41,42,18
781,41,43,17
782,41,23,16
783,41,45,15
784,41,30,14
785,41,4,13
786,41,48,12
787,41,49,11
788,41,16,10
789,41,29,9
790,41,11,8
791,41,53,7
792,41,54,6
793,41,33,5
794,41,56,4
795,41,57,3
796,41,0,2
797,41,59,1
798,42,40,20
799,42,41,19
800,42,43,17
801,42,23,16
802,42,45,15
803,42,30,14
804,42,4,13
805,42,48,12
806,42,49,11
807,42,16,10
808,42,29,9
809,42,11,8
810,42,53,7
811,42,54,6
812,42,33,5
813,42,56,4
814,42,57,3
815,42,0,2
816,42,59,1
817,43,40,20
818,43,41,19
819,43,42,18
820,43,23,16
821,43,45,15
822,43,30,14
823,43,4,13
824,43,48,12
825,43,49,11
826,43,16,10
827,43,29,9
828,43,11,8
829,43,53,7
830,43,54,6
831,43,33,5
832,43,56,4
833,43,57,3
834,43,0,2
835,43,59,1
836,23,40,20
837,23,41,19
838,23,42,18
839,23,43,17
840,23,45,15
841,23,30,14
842,23,4,13
843,23,48,12
844,23,49,11
845,23,16,10
846,23,29,9
847,23,11,8
848,23,53,7
849,23,54,6
850,23,33,5
851,23,56,4
852,23,57,3
853,23,0,2
854,23,59,1
855,45,40,20
856,45,41,19
857,45,42,18
858,45,43,17
859,45,23,16
860,45,30,14
861,45,4,13
862,45,48,12
863,45,49,11
864,45,16,10
865,45,29,9
866,45,11,8
867,45,53,7
868,45,54,6
869,45,33,5
870,45,56,4
871,45,57,3
872,45,0,2
873,45,59,1
874,30,40,20
875,30,41,19
876,30,42,18
877,30,43,17
878,30,23,16
879,30,45,15
880,30,4,13
881,30,48,12
882,30,49,11
883,30,16,10
884,30,29,9
885,30,11,8
886,30,53,7
887,30,54,6
888,30,33,5
889,30,56,4
890,30,57,3
891,30,0,2
892,30,59,1
893,4,40,20
894,4,41,19
895,4,42,18
896,4,43,17
897,4,23,16
898,4,45,15
899,4,30,14
900,4,48,12
901,4,49,11
902,4,16,10
903,4,29,9
904,4,11,8
905,4,53,7
906,4,54,6
907,4,33,5
908,4,56,4
909,4,57,3
910,4,0,2
911,4,59,1
912,48,40,20
913,48,41,19
914,48,42,18
915,48,43,17
916,48,23,16
917,48,45,15
918,48,30,14
919,48,4,13
920,48,49,11
921,48,16,10
922,48,29,9
923,48,11,8
924,48,53,7
925,48,54,6
926,48,33,5
927,48,56,4
928,48,57,3
929,48,0,2
930,48,59,1
931,49,40,20
932,49,41,19
933,49,42,18
934,49,43,17
935,49,23,16
936,49,45,15
937,49,30,14
938,49,4,13
939,49,48,12
940,49,16,10
941,49,29,9
942,49,11,8
943,49,53,7
944,49,54,6
945,49,33,5
946,49,56,4
947,49,57,3
948,49,0,2
949,49,59,1
950,16,40,20
951,16,41,19
952,16,42,18
953,16,43,17
954,16,23,16
955,16,45,15
956,16,30,14
957,16,4,13
958,16,48,12
959,16,49,11
960,16,29,9
961,16,11,8
962,16,53,7
963,16,54,6
964,16,33,5
965,16,56,4
966,16,57,3
967,16,0,2
968,16,59,1
969,29,40,20
970,29,41,19
971,29,42,18
972,29,43,17
973,29,23,16
974,29,45,15
975,29,30,14
976,29,4,13
977,29,48,12
978,29,49,11
979,29,16,10
980,29,11,8
981,29,53,7
982,29,54,6
983,29,33,5
984,29,56,4
985,29,57,3
986,29,0,2
987,29,59,1
988,11,40,20
989,11,41,19
990,11,42,18
991,11,43,17
992,11,23,16
993,11,45,15
994,11,30,14
995,11,4,13
996,11,48,12
997,11,49,11
998,11,16,10
999,11,29,9
1000,11,53,7
1001,11,54,6
1002,11,33,5
1003,11,56,4
1004,11,57,3
1005,11,0,2
1006,11,59,1
1007,53,40,20
1008,53,41,19
1009,53,42,18
1010,53,43,17
1011,53,23,16
1012,53,45,15
1013,53,30,14
1014,53,4,13
1015,53,48,12
1016,53,49,11
1017,53,16,10
1018,53,29,9
1019,53,11,8
1020,53,54,6
1021,53,33,5
1022,53,56,4
1023,53,57,3
1024,53,0,2
1025,53,59,1
1026,54,40,20
1027,54,41,19
1028,54,42,18
1029,54,43,17
1030,54,23,16
1031,54,45,15
1032,54,30,14
1033,54,4,13
1034,54,48,12
1035,54,49,11
1036,54,16,10
1037,54,29,9
1038,54,11,8
1039,54,53,7
1040,54,33,5
1041,54,56,4
1042,54,57,3
1043,54,0,2
1044,54,59,1
1045,33,40,20
1046,33,41,19
1047,33,42,18
1048,33,43,17
1049,33,23,16
1050,33,45,15
1051,33,30,14
1052,33,4,13
1053,33,48,12
1054,33,49,11
1055,33,16,10
1056,33,29,9
1057,33,11,8
1058,33,53,7
1059,33,54,6
1060,33,56,4
1061,33,57,3
1062,33,0,2
1063,33,59,1
1064,56,40,20
1065,56,41,19
1066,56,42,18
1067,56,43,17
1068,56,23,16
1069,56,45,15
1070,56,30,14
1071,56,4,13
1072,56,48,12
1073,56,49,11
1074,56,16,10
1075,56,29,9
1076,56,11,8
1077,56,53,7
1078,56,54,6
1079,56,33,5
1080,56,57,3
1081,56,0,2
1082,56,59,1
1083,57,40,20
1084,57,41,19
1085,57,42,18
1086,57,43,17
1087,57,23,16
1088,57,45,15
1089,57,30,14
1090,57,4,13
1091,57,48,12
1092,57,49,11
1093,57,16,10
1094,57,29,9
1095,57,11,8
1096,57,53,7
1097,57,54,6
1098,57,33,5
1099,57,56,4
1100,57,0,2
1101,57,59,1
1102,0,40,20
1103,0,41,19
1104,0,42,18
1105,0,43,17
1106,0,23,16
1107,0,45,15
1108,0,30,14
1109,0,4,13
1110,0,48,12
1111,0,49,11
1112,0,16,10
1113,0,29,9
1114,0,11,8
1115,0,53,7
1116,0,54,6
1117,0,33,5
1118,0,56,4
1119,0,57,3
1120,0,59,1
1121,59,40,20
1122,59,41,19
1123,59,42,18
1124,59,43,17
1125,59,23,16
1126,59,45,15
1127,59,30,14
1128,59,4,13
1129,59,48,12
1130,59,49,11
1131,59,16,10
1132,59,29,9
1133,59,11,8
1134,59,53,7
1135,59,54,6
1136,59,33,5
1137,59,56,4
1138,59,57,3
1139,59,0,2
1140,60,61,19
1141,60,29,18
1142,60,22,17
1143,60,6,16
1144,60,65,15
1145,60,66,14
1146,60,31,13
1147,60,35,12
1148,60,69,11
1149,60,70,10
1150,60,71,9
1151,60,25,8
1152,60,73,7
1153,60,11,6
1154,60,75,5
1155,60,33,4
1156,60,77,3
1157,60,78,2
1158,60,30,1
1159,61,60,20
1160,61,29,18
1161,61,22,17
1162,61,6,16
1163,61,65,15
1164,61,66,14
1165,61,31,13
1166,61,35,12
1167,61,69,11
1168,61,70,10
1169,61,71,9
1170,61,25,8
1171,61,73,7
1172,61,11,6
1173,61,75,5
1174,61,33,4
1175,61,77,3
1176,61,78,2
1177,61,30,1
1178,29,60,20
1179,29,61,19
1180,29,22,17
1181,29,6,16
1182,29,65,15
1183,29,66,14
1184,29,31,13
1185,29,35,12
1186,29,69,11
1187,29,70,10
1188,29,71,9
1189,29,25,8
1190,29,73,7
1191,29,11,6
1192,29,75,5
1193,29,33,4
1194,29,77,3
1195,29,78,2
1196,29,30,1
1197,22,60,20
1198,22,61,19
1199,22,29,18
1200,22,6,16
1201,22,65,15
1202,22,66,14
1203,22,31,13
1204,22,35,12
1205,22,69,11
1206,22,70,10
1207,22,71,9
1208,22,25,8
1209,22,73,7
1210,22,11,6
1211,22,75,5
1212,22,33,4
1213,22,77,3
1214,22,78,2
1215,22,30,1
1216,6,60,20
1217,6,61,19
1218,6,29,18
1219,6,22,17
1220,6,65,15
1221,6,66,14
1222,6,31,13
1223,6,35,12
1224,6,69,11
1225,6,70,10
1226,6,71,9
1227,6,25,8
1228,6,73,7
1229,6,11,6
1230,6,75,5
1231,6,33,4
1232,6,77,3
1233,6,78,2
1234,6,30,1
1235,65,60,20
1236,65,61,19
1237,65,29,18
1238,65,22,17
1239,65,6,16
1240,65,66,14
1241,65,31,13
1242,65,35,12
1243,65,69,11
1244,65,70,10
1245,65,71,9
1246,65,25,8
1247,65,73,7
1248,65,11,6
1249,65,75,5
1250,65,33,4
1251,65,77,3
1252,65,78,2
1253,65,30,1
1254,66,60,20
1255,66,61,19
1256,66,29,18
1257,66,22,17
1258,66,6,16
1259,66,65,15
1260,66,31,13
1261,66,35,12
1262,66,69,11
1263,66,70,10
1264,66,71,9
1265,66,25,8
1266,66,73,7
1267,66,11,6
1268,66,75,5
1269,66,33,4
1270,66,77,3
1271,66,78,2
1272,66,30,1
1273,31,60,20
1274,31,61,19
1275,31,29,18
1276,31,22,17
1277,31,6,16
1278,31,65,15
1279,31,66,14
1280,31,35,12
1281,31,69,11
1282,31,70,10
1283,31,71,9
1284,31,25,8
1285,31,73,7
1286,31,11,6
1287,31,75,5
1288,31,33,4
1289,31,77,3
1290,31,78,2
1291,31,30,1
1292,35,60,20
1293,35,61,19
1294,35,29,18
1295,35,22,17
1296,35,6,16
1297,35,65,15
1298,35,66,14
1299,35,31,13
1300,35,69,11
1301,35,70,10
1302,35,71,9
1303,35,25,8
1304,35,73,7
1305,35,11,6
1306,35,75,5
1307,35,33,4
1308,35,77,3
1309,35,78,2
1310,35,30,1
1311,69,60,20
1312,69,61,19
1313,69,29,18
1314,69,22,17
1315,69,6,16
1316,69,65,15
1317,69,66,14
1318,69,31,13
1319,69,35,12
1320,69,70,10
1321,69,71,9
1322,69,25,8
1323,69,73,7
1324,69,11,6
1325,69,75,5
1326,69,33,4
1327,69,77,3
1328,69,78,2
1329,69,30,1
1330,70,60,20
1331,70,61,19
1332,70,29,18
1333,70,22,17
1334,70,6,16
1335,70,65,15
1336,70,66,14
1337,70,31,13
1338,70,35,12
1339,70,69,11
1340,70,71,9
1341,70,25,8
1342,70,73,7
1343,70,11,6
1344,70,75,5
1345,70,33,4
1346,70,77,3
1347,70,78,2
1348,70,30,1
1349,71,60,20
1350,71,61,19
1351,71,29,18
1352,71,22,17
1353,71,6,16
1354,71,65,15
1355,71,66,14
1356,71,31,13
1357,71,35,12
1358,71,69,11
1359,71,70,10
1360,71,25,8
1361,71,73,7
1362,71,11,6
1363,71,75,5
1364,71,33,4
1365,71,77,3
1366,71,78,2
1367,71,30,1
1368,25,60,20
1369,25,61,19
1370,25,29,18
1371,25,22,17
1372,25,6,16
1373,25,65,15
1374,25,66,14
1375,25,31,13
1376,25,35,12
1377,25,69,11
1378,25,70,10
1379,25,71,9
1380,25,73,7
1381,25,11,6
1382,25,75,5
1383,25,33,4
1384,25,77,3
1385,25,78,2
1386,25,30,1
1387,73,60,20
1388,73,61,19
1389,73,29,18
1390,73,22,17
1391,73,6,16
1392,73,65,15
1393,73,66,14
1394,73,31,13
1395,73,35,12
1396,73,69,11
1397,73,70,10
1398,73,71,9
1399,73,25,8
1400,73,11,6
1401,73,75,5
1402,73,33,4
1403,73,77,3
1404,73,78,2
1405,73,30,1
1406,11,60,20
1407,11,61,19
1408,11,29,18
1409,11,22,17
1410,11,6,16
1411,11,65,15
1412,11,66,14
1413,11,31,13
1414,11,35,12
1415,11,69,11
1416,11,70,10
1417,11,71,9
1418,11,25,8
1419,11,73,7
1420,11,75,5
1421,11,33,4
1422,11,77,3
1423,11,78,2
1424,11,30,1
1425,75,60,20
1426,75,61,19
1427,75,29,18
1428,75,22,17
1429,75,6,16
1430,75,65,15
1431,75,66,14
1432,75,31,13
1433,75,35,12
1434,75,69,11
1435,75,70,10
1436,75,71,9
1437,75,25,8
1438,75,73,7
1439,75,11,6
1440,75,33,4
1441,75,77,3
1442,75,78,2
1443,75,30,1
1444,33,60,20
1445,33,61,19
1446,33,29,18
1447,33,22,17
1448,33,6,16
1449,33,65,15
1450,33,66,14
1451,33,31,13
1452,33,35,12
1453,33,69,11
1454,33,70,10
1455,33,71,9
1456,33,25,8
1457,33,73,7
1458,33,11,6
1459,33,75,5
1460,33,77,3
1461,33,78,2
1462,33,30,1
1463,77,60,20
1464,77,61,19
1465,77,29,18
1466,77,22,17
1467,77,6,16
1468,77,65,15
1469,77,66,14
1470,77,31,13
1471,77,35,12
1472,77,69,11
1473,77,70,10
1474,77,71,9
1475,77,25,8
1476,77,73,7
1477,77,11,6
1478,77,75,5
1479,77,33,4
1480,77,78,2
1481,77,30,1
1482,78,60,20
1483,78,61,19
1484,78,29,18
1485,78,22,17
1486,78,6,16
1487,78,65,15
1488,78,66,14
1489,78,31,13
1490,78,35,12
1491,78,69,11
1492,78,70,10
1493,78,71,9
1494,78,25,8
1495,78,73,7
1496,78,11,6
1497,78,75,5
1498,78,33,4
1499,78,77,3
1500,78,30,1
1501,30,60,20
1502,30,61,19
1503,30,29,18
1504,30,22,17
1505,30,6,16
1506,30,65,15
1507,30,66,14
1508,30,31,13
1509,30,35,12
1510,30,69,11
1511,30,70,10
1512,30,71,9
1513,30,25,8
1514,30,73,7
1515,30,11,6
1516,30,75,5
1517,30,33,4
1518,30,77,3
1519,30,78,2
1520,80,81,19
1521,80,82,18
1522,80,83,17
1523,80,84,16
1524,80,85,15
1525,80,86,14
1526,80,87,13
1527,80,88,12
1528,80,89,11
1529,80,90,10
1530,80,91,9
1531,80,92,8
1532,80,93,7
1533,80,22,6
1534,80,31,5
1535,80,14,4
1536,80,29,3
1537,80,98,2
1538,80,12,1
1539,81,80,20
1540,81,82,18
1541,81,83,17
1542,81,84,16
1543,81,85,15
1544,81,86,14
1545,81,87,13
1546,81,88,12
1547,81,89,11
1548,81,90,10
1549,81,91,9
1550,81,92,8
1551,81,93,7
1552,81,22,6
1553,81,31,5
1554,81,14,4
1555,81,29,3
1556,81,98,2
1557,81,12,1
1558,82,80,20
1559,82,81,19
1560,82,83,17
1561,82,84,16
1562,82,85,15
1563,82,86,14
1564,82,87,13
1565,82,88,12
1566,82,89,11
1567,82,90,10
1568,82,91,9
1569,82,92,8
1570,82,93,7
1571,82,22,6
1572,82,31,5
1573,82,14,4
1574,82,29,3
1575,82,98,2
1576,82,12,1
1577,83,80,20
1578,83,81,19
1579,83,82,18
1580,83,84,16
1581,83,85,15
1582,83,86,14
1583,83,87,13
1584,83,88,12
1585,83,89,11
1586,83,90,10
1587,83,91,9
1588,83,92,8
1589,83,93,7
1590,83,22,6
1591,83,31,5
1592,83,14,4
1593,83,29,3
1594,83,98,2
1595,83,12,1
1596,84,80,20
1597,84,81,19
1598,84,82,18
1599,84,83,17
1600,84,85,15
1601,84,86,14
1602,84,87,13
1603,84,88,12
1604,84,89,11
1605,84,90,10
1606,84,91,9
1607,84,92,8
1608,84,93,7
1609,84,22,6
1610,84,31,5
1611,84,14,4
1612,84,29,3
1613,84,98,2
1614,84,12,1
1615,85,80,20
1616,85,81,19
1617,85,82,18
1618,85,83,17
1619,85,84,16
1620,85,86,14
1621,85,87,13
1622,85,88,12
1623,85,89,11
1624,85,90,10
1625,85,91,9
1626,85,92,8
1627,85,93,7
1628,85,22,6
1629,85,31,5
1630,85,14,4
1631,85,29,3
1632,85,98,2
1633,85,12,1
1634,86,80,20
1635,86,81,19
1636,86,82,18
1637,86,83,17
1638,86,84,16
1639,86,85,15
1640,86,87,13
1641,86,88,12
1642,86,89,11
1643,86,90,10
1644,86,91,9
1645,86,92,8
1646,86,93,7
1647,86,22,6
1648,86,31,5
1649,86,14,4
1650,86,29,3
1651,86,98,2
1652,86,12,1
1653,87,80,20
1654,87,81,19
1655,87,82,18
1656,87,83,17
1657,87,84,16
1658,87,85,15
1659,87,86,14
1660,87,88,12
1661,87,89,11
1662,87,90,10
1663,87,91,9
1664,87,92,8
1665,87,93,7
1666,87,22,6
1667,87,31,5
1668,87,14,4
1669,87,29,3
1670,87,98,2
1671,87,12,1
1672,88,80,20
1673,88,81,19
1674,88,82,18
1675,88,83,17
1676,88,84,16
1677,88,85,15
1678,88,86,14
1679,88,87,13
1680,88,89,11
1681,88,90,10
1682,88,91,9
1683,88,92,8
1684,88,93,7
1685,88,22,6
1686,88,31,5
1687,88,14,4
1688,88,29,3
1689,88,98,2
1690,88,12,1
1691,89,80,20
1692,89,81,19
1693,89,82,18
1694,89,83,17
1695,89,84,16
1696,89,85,15
1697,89,86,14
1698,89,87,13
1699,89,88,12
1700,89,90,10
1701,89,91,9
1702,89,92,8
1703,89,93,7
1704,89,22,6
1705,89,31,5
1706,89,14,4
1707,89,29,3
1708,89,98,2
1709,89,12,1
1710,90,80,20
1711,90,81,19
1712,90,82,18
1713,90,83,17
1714,90,84,16
1715,90,85,15
1716,90,86,14
1717,90,87,13
1718,90,88,12
1719,90,89,11
1720,90,91,9
1721,90,92,8
1722,90,93,7
1723,90,22,6
1724,90,31,5
1725,90,14,4
1726,90,29,3
1727,90,98,2
1728,90,12,1
1729,91,80,20
1730,91,81,19
1731,91,82,18
1732,91,83,17
1733,91,84,16
1734,91,85,15
1735,91,86,14
1736,91,87,13
1737,91,88,12
1738,91,89,11
1739,91,90,10
1740,91,92,8
1741,91,93,7
1742,91,22,6
1743,91,31,5
1744,91,14,4
1745,91,29,3
1746,91,98,2
1747,91,12,1
1748,92,80,20
1749,92,81,19
1750,92,82,18
1751,92,83,17
1752,92,84,16
1753,92,85,15
1754,92,86,14
1755,92,87,13
1756,92,88,12
1757,92,89,11
1758,92,90,10
1759,92,91,9
1760,92,93,7
1761,92,22,6
1762,92,31,5
1763,92,14,4
1764,92,29,3
1765,92,98,2
1766,92,12,1
1767,93,80,20
1768,93,81,19
1769,93,82,18
1770,93,83,17
1771,93,84,16
1772,93,85,15
1773,93,86,14
1774,93,87,13
1775,93,88,12
1776,93,89,11
1777,93,90,10
1778,93,91,9
1779,93,92,8
1780,93,22,6
1781,93,31,5
1782,93,14,4
1783,93,29,3
1784,93,98,2
1785,93,12,1
1786,22,80,20
1787,22,81,19
1788,22,82,18
1789,22,83,17
1790,22,84,16
1791,22,85,15
1792,22,86,14
1793,22,87,13
1794,22,88,12
1795,22,89,11
1796,22,90,10
1797,22,91,9
1798,22,92,8
1799,22,93,7
1800,22,31,5
1801,22,14,4
1802,22,29,3
1803,22,98,2
1804,22,12,1
1805,31,80,20
1806,31,81,19
1807,31,82,18
1808,31,83,17
1809,31,84,16
1810,31,85,15
1811,31,86,14
1812,31,87,13
1813,31,88,12
1814,31,89,11
1815,31,90,10
1816,31,91,9
1817,31,92,8
1818,31,93,7
1819,31,22,6
1820,31,14,4
1821,31,29,3
1822,31,98,2
1823,31,12,1
1824,14,80,20
1825,14,81,19
1826,14,82,18
1827,14,83,17
1828,14,84,16
1829,14,85,15
1830,14,86,14
1831,14,87,13
1832,14,88,12
1833,14,89,11
1834,14,90,10
1835,14,91,9
1836,14,92,8
1837,14,93,7
1838,14,22,6
1839,14,31,5
1840,14,29,3
1841,14,98,2
1842,14,12,1
1843,29,80,20
1844,29,81,19
1845,29,82,18
1846,29,83,17
1847,29,84,16
1848,29,85,15
1849,29,86,14
1850,29,87,13
1851,29,88,12
1852,29,89,11
1853,29,90,10
1854,29,91,9
1855,29,92,8
1856,29,93,7
1857,29,22,6
1858,29,31,5
1859,29,14,4
1860,29,98,2
1861,29,12,1
1862,98,80,20
1863,98,81,19
1864,98,82,18
1865,98,83,17
1866,98,84,16
1867,98,85,15
1868,98,86,14
1869,98,87,13
1870,98,88,12
1871,98,89,11
1872,98,90,10
1873,98,91,9
1874,98,92,8
1875,98,93,7
1876,98,22,6
1877,98,31,5
1878,98,14,4
1879,98,29,3
1880,98,12,1
1881,12,80,20
1882,12,81,19
1883,12,82,18
1884,12,83,17
1885,12,84,16
1886,12,85,15
1887,12,86,14
1888,12,87,13
1889,12,88,12
1890,12,89,11
1891,12,90,10
1892,12,91,9
1893,12,92,8
1894,12,93,7
1895,12,22,6
1896,12,31,5
1897,12,14,4
1898,12,29,3
1899,12,98,2
1900,100,101,19
1901,100,102,18
1902,100,103,17
1903,100,104,16
1904,100,71,15
1905,100,106,14
1906,100,107,13
1907,100,11,12
1908,100,109,11
1909,100,65,10
1910,100,111,9
1911,100,112,8
1912,100,28,7
1913,100,114,6
1914,100,115,5
1915,100,33,4
1916,100,22,3
1917,100,2,2
1918,100,10,1
1919,101,100,20
1920,101,102,18
1921,101,103,17
1922,101,104,16
1923,101,71,15
1924,101,106,14
1925,101,107,13
1926,101,11,12
1927,101,109,11
1928,101,65,10
1929,101,111,9
1930,101,112,8
1931,101,28,7
1932,101,114,6
1933,101,115,5
1934,101,33,4
1935,101,22,3
1936,101,2,2
1937,101,10,1
1938,102,100,20
1939,102,101,19
1940,102,103,17
1941,102,104,16
1942,102,71,15
1943,102,106,14
1944,102,107,13
1945,102,11,12
1946,102,109,11
1947,102,65,10
1948,102,111,9
1949,102,112,8
1950,102,28,7
1951,102,114,6
1952,102,115,5
1953,102,33,4
1954,102,22,3
1955,102,2,2
1956,102,10,1
1957,103,100,20
1958,103,101,19
1959,103,102,18
1960,103,104,16
1961,103,71,15
1962,103,106,14
1963,103,107,13
1964,103,11,12
1965,103,109,11
1966,103,65,10
1967,103,111,9
1968,103,112,8
1969,103,28,7
1970,103,114,6
1971,103,115,5
1972,103,33,4
1973,103,22,3
1974,103,2,2
1975,103,10,1
1976,104,100,20
1977,104,101,19
1978,104,102,18
1979,104,103,17
1980,104,71,15
1981,104,106,14
1982,104,107,13
1983,104,11,12
1984,104,109,11
1985,104,65,10
1986,104,111,9
1987,104,112,8
1988,104,28,7
1989,104,114,6
1990,104,115,5
1991,104,33,4
1992,104,22,3
1993,104,2,2
1994,104,10,1
1995,71,100,20
1996,71,101,19
1997,71,102,18
1998,71,103,17
1999,71,104,16
2000,71,106,14
2001,71,107,13
2002,71,11,12
2003,71,109,11
2004,71,65,10
2005,71,111,9
2006,71,112,8
2007,71,28,7
2008,71,114,6
2009,71,115,5
2010,71,33,4
2011,71,22,3
2012,71,2,2
2013,71,10,1
2014,106,100,20
2015,106,101,19
2016,106,102,18
2017,106,103,17
2018,106,104,16
2019,106,71,15
2020,106,107,13
2021,106,11,12
2022,106,109,11
2023,106,65,10
2024,106,111,9
2025,106,112,8
2026,106,28,7
2027,106,114,6
2028,106,115,5
2029,106,33,4
2030,106,22,3
2031,106,2,2
2032,106,10,1
2033,107,100,20
2034,107,101,19
2035,107,102,18
2036,107,103,17
2037,107,104,16
2038,107,71,15
2039,107,106,14
2040,107,11,12
2041,107,109,11
2042,107,65,10
2043,107,111,9
2044,107,112,8
2045,107,28,7
2046,107,114,6
2047,107,115,5
2048,107,33,4
2049,107,22,3
2050,107,2,2
2051,107,10,1
2052,11,100,20
2053,11,101,19
2054,11,102,18
2055,11,103,17
2056,11,104,16
2057,11,71,15
2058,11,106,14
2059,11,107,13
2060,11,109,11
2061,11,65,10
2062,11,111,9
2063,11,112,8
2064,11,28,7
2065,11,114,6
2066,11,115,5
2067,11,33,4
2068,11,22,3
2069,11,2,2
2070,11,10,1
2071,109,100,20
2072,109,101,19
2073,109,102,18
2074,109,103,17
2075,109,104,16
2076,109,71,15
2077,109,106,14
2078,109,107,13
2079,109,11,12
2080,109,65,10
2081,109,111,9
2082,109,112,8
2083,109,28,7
2084,109,114,6
2085,109,115,5
2086,109,33,4
2087,109,22,3
2088,109,2,2
2089,109,10,1
2090,65,100,20
2091,65,101,19
2092,65,102,18
2093,65,103,17
2094,65,104,16
2095,65,71,15
2096,65,106,14
2097,65,107,13
2098,65,11,12
2099,65,109,11
2100,65,111,9
2101,65,112,8
2102,65,28,7
2103,65,114,6
2104,65,115,5
2105,65,33,4
2106,65,22,3
2107,65,2,2
2108,65,10,1
2109,111,100,20
2110,111,101,19
2111,111,102,18
2112,111,103,17
2113,111,104,16
2114,111,71,15
2115,111,106,14
2116,111,107,13
2117,111,11,12
2118,111,109,11
2119,111,65,10
2120,111,112,8
2121,111,28,7
2122,111,114,6
2123,111,115,5
2124,111,33,4
2125,111,22,3
2126,111,2,2
2127,111,10,1
2128,112,100,20
2129,112,101,19
2130,112,102,18
2131,112,103,17
2132,112,104,16
2133,112,71,15
2134,112,106,14
2135,112,107,13
2136,112,11,12
2137,112,109,11
2138,112,65,10
2139,112,111,9
2140,112,28,7
2141,112,114,6
2142,112,115,5
2143,112,33,4
2144,112,22,3
2145,112,2,2
2146,112,10,1
2147,28,100,20
2148,28,101,19
2149,28,102,18
2150,28,103,17
2151,28,104,16
2152,28,71,15
2153,28,106,14
2154,28,107,13
2155,28,11,12
2156,28,109,11
2157,28,65,10
2158,28,111,9
2159,28,112,8
2160,28,114,6
2161,28,115,5
2162,28,33,4
2163,28,22,3
2164,28,2,2
2165,28,10,1
2166,114,100,20
2167,114,101,19
2168,114,102,18
2169,114,103,17
2170,114,104,16
2171,114,71,15
2172,114,106,14
2173,114,107,13
2174,114,11,12
2175,114,109,11
2176,114,65,10
2177,114,111,9
2178,114,112,8
2179,114,28,7
2180,114,115,5
2181,114,33,4
2182,114,22,3
2183,114,2,2
2184,114,10,1
2185,115,100,20
2186,115,101,19
2187,115,102,18
2188,115,103,17
2189,115,104,16
2190,115,71,15
2191,115,106,14
2192,115,107,13
2193,115,11,12
2194,115,109,11
2195,115,65,10
2196,115,111,9
2197,115,112,8
2198,115,28,7
2199,115,114,6
2200,115,33,4
2201,115,22,3
2202,115,2,2
2203,115,10,1
2204,33,100,20
2205,33,101,19
2206,33,102,18
2207,33,103,17
2208,33,104,16
2209,33,71,15
2210,33,106,14
2211,33,107,13
2212,33,11,12
2213,33,109,11
2214,33,65,10
2215,33,111,9
2216,33,112,8
2217,33,28,7
2218,33,114,6
2219,33,115,5
2220,33,22,3
2221,33,2,2
2222,33,10,1
2223,22,100,20
2224,22,101,19
2225,22,102,18
2226,22,103,17
2227,22,104,16
2228,22,71,15
2229,22,106,14
2230,22,107,13
2231,22,11,12
2232,22,109,11
2233,22,65,10
2234,22,111,9
2235,22,112,8
2236,22,28,7
2237,22,114,6
2238,22,115,5
2239,22,33,4
2240,22,2,2
2241,22,10,1
2242,2,100,20
2243,2,101,19
2244,2,102,18
2245,2,103,17
2246,2,104,16
2247,2,71,15
2248,2,106,14
2249,2,107,13
2250,2,11,12
2251,2,109,11
2252,2,65,10
2253,2,111,9
2254,2,112,8
2255,2,28,7
2256,2,114,6
2257,2,115,5
2258,2,33,4
2259,2,22,3
2260,2,10,1
2261,10,100,20
2262,10,101,19
2263,10,102,18
2264,10,103,17
2265,10,104,16
2266,10,71,15
2267,10,106,14
2268,10,107,13
2269,10,11,12
2270,10,109,11
2271,10,65,10
2272,10,111,9
2273,10,112,8
2274,10,28,7
2275,10,114,6
2276,10,115,5
2277,10,33,4
2278,10,22,3
2279,10,2,2
2280,120,121,19
2281,120,22,18
2282,120,123,17
2283,120,124,16
2284,120,71,15
2285,120,126,14
2286,120,73,13
2287,120,65,12
2288,120,25,11
2289,120,130,10
2290,120,131,9
2291,120,21,8
2292,120,16,7
2293,120,28,6
2294,120,135,5
2295,120,35,4
2296,120,19,3
2297,120,53,2
2298,120,139,1
2299,121,120,20
2300,121,22,18
2301,121,123,17
2302,121,124,16
2303,121,71,15
2304,121,126,14
2305,121,73,13
2306,121,65,12
2307,121,25,11
2308,121,130,10
2309,121,131,9
2310,121,21,8
2311,121,16,7
2312,121,28,6
2313,121,135,5
2314,121,35,4
2315,121,19,3
2316,121,53,2
2317,121,139,1
2318,22,120,20
2319,22,121,19
2320,22,123,17
2321,22,124,16
2322,22,71,15
2323,22,126,14
2324,22,73,13
2325,22,65,12
2326,22,25,11
2327,22,130,10
2328,22,131,9
2329,22,21,8
2330,22,16,7
2331,22,28,6
2332,22,135,5
2333,22,35,4
2334,22,19,3
2335,22,53,2
2336,22,139,1
2337,123,120,20
2338,123,121,19
2339,123,22,18
2340,123,124,16
2341,123,71,15
2342,123,126,14
2343,123,73,13
2344,123,65,12
2345,123,25,11
2346,123,130,10
2347,123,131,9
2348,123,21,8
2349,123,16,7
2350,123,28,6
2351,123,135,5
2352,123,35,4
2353,123,19,3
2354,123,53,2
2355,123,139,1
2356,124,120,20
2357,124,121,19
2358,124,22,18
2359,124,123,17
2360,124,71,15
2361,124,126,14
2362,124,73,13
2363,124,65,12
2364,124,25,11
2365,124,130,10
2366,124,131,9
2367,124,21,8
2368,124,16,7
2369,124,28,6
2370,124,135,5
2371,124,35,4
2372,124,19,3
2373,124,53,2
2374,124,139,1
2375,71,120,20
2376,71,121,19
2377,71,22,18
2378,71,123,17
2379,71,124,16
2380,71,126,14
2381,71,73,13
2382,71,65,12
2383,71,25,11
2384,71,130,10
2385,71,131,9
2386,71,21,8
2387,71,16,7
2388,71,28,6
2389,71,135,5
2390,71,35,4
2391,71,19,3
2392,71,53,2
2393,71,139,1
2394,126,120,20
2395,126,121,19
2396,126,22,18
2397,126,123,17
2398,126,124,16
2399,126,71,15
2400,126,73,13
2401,126,65,12
2402,126,25,11
2403,126,130,10
2404,126,131,9
2405,126,21,8
2406,126,16,7
2407,126,28,6
2408,126,135,5
2409,126,35,4
2410,126,19,3
2411,126,53,2
2412,126,139,1
2413,73,120,20
2414,73,121,19
2415,73,22,18
2416,73,123,17
2417,73,124,16
2418,73,71,15
2419,73,126,14
2420,73,65,12
2421,73,25,11
2422,73,130,10
2423,73,131,9
2424,73,21,8
2425,73,16,7
2426,73,28,6
2427,73,135,5
2428,73,35,4
2429,73,19,3
2430,73,53,2
2431,73,139,1
2432,65,120,20
2433,65,121,19
2434,65,22,18
2435,65,123,17
2436,65,124,16
2437,65,71,15
2438,65,126,14
2439,65,73,13
2440,65,25,11
2441,65,130,10
2442,65,131,9
2443,65,21,8
2444,65,16,7
2445,65,28,6
2446,65,135,5
2447,65,35,4
2448,65,19,3
2449,65,53,2
2450,65,139,1
2451,25,120,20
2452,25,121,19
2453,25,22,18
2454,25,123,17
2455,25,124,16
2456,25,71,15
2457,25,126,14
2458,25,73,13
2459,25,65,12
2460,25,130,10
2461,25,131,9
2462,25,21,8
2463,25,16,7
2464,25,28,6
2465,25,135,5
2466,25,35,4
2467,25,19,3
2468,25,53,2
2469,25,139,1
2470,130,120,20
2471,130,121,19
2472,130,22,18
2473,130,123,17
2474,130,124,16
2475,130,71,15
2476,130,126,14
2477,130,73,13
2478,130,65,12
2479,130,25,11
2480,130,131,9
2481,130,21,8
2482,130,16,7
2483,130,28,6
2484,130,135,5
2485,130,35,4
2486,130,19,3
2487,130,53,2
2488,130,139,1
2489,131,120,20
2490,131,121,19
2491,131,22,18
2492,131,123,17
2493,131,124,16
2494,131,71,15
2495,131,126,14
2496,131,73,13
2497,131,65,12
2498,131,25,11
2499,131,130,10
2500,131,21,8
2501,131,16,7
2502,131,28,6
2503,131,135,5
2504,131,35,4
2505,131,19,3
2506,131,53,2
2507,131,139,1
2508,21,120,20
2509,21,121,19
2510,21,22,18
2511,21,123,17
2512,21,124,16
2513,21,71,15
2514,21,126,14
2515,21,73,13
2516,21,65,12
2517,21,25,11
2518,21,130,10
2519,21,131,9
2520,21,16,7
2521,21,28,6
2522,21,135,5
2523,21,35,4
2524,21,19,3
2525,21,53,2
2526,21,139,1
2527,16,120,20
2528,16,121,19
2529,16,22,18
2530,16,123,17
2531,16,124,16
2532,16,71,15
2533,16,126,14
2534,16,73,13
2535,16,65,12
2536,16,25,11
2537,16,130,10
2538,16,131,9
2539,16,21,8
2540,16,28,6
2541,16,135,5
2542,16,35,4
2543,16,19,3
2544,16,53,2
2545,16,139,1
2546,28,120,20
2547,28,121,19
2548,28,22,18
2549,28,123,17
2550,28,124,16
2551,28,71,15
2552,28,126,14
2553,28,73,13
2554,28,65,12
2555,28,25,11
2556,28,130,10
2557,28,131,9
2558,28,21,8
2559,28,16,7
2560,28,135,5
2561,28,35,4
2562,28,19,3
2563,28,53,2
2564,28,139,1
2565,135,120,20
2566,135,121,19
2567,135,22,18
2568,135,123,17
2569,135,124,16
2570,135,71,15
2571,135,126,14
2572,135,73,13
2573,135,65,12
2574,135,25,11
2575,135,130,10
2576,135,131,9
2577,135,21,8
2578,135,16,7
2579,135,28,6
2580,135,35,4
2581,135,19,3
2582,135,53,2
2583,135,139,1
2584,35,120,20
2585,35,121,19
2586,35,22,18
2587,35,123,17
2588,35,124,16
2589,35,71,15
2590,35,126,14
2591,35,73,13
2592,35,65,12
2593,35,25,11
2594,35,130,10
2595,35,131,9
2596,35,21,8
2597,35,16,7
2598,35,28,6
2599,35,135,5
2600,35,19,3
2601,35,53,2
2602,35,139,1
2603,19,120,20
2604,19,121,19
2605,19,22,18
2606,19,123,17
2607,19,124,16
2608,19,71,15
2609,19,126,14
2610,19,73,13
2611,19,65,12
2612,19,25,11
2613,19,130,10
2614,19,131,9
2615,19,21,8
2616,19,16,7
2617,19,28,6
2618,19,135,5
2619,19,35,4
2620,19,53,2
2621,19,139,1
2622,53,120,20
2623,53,121,19
2624,53,22,18
2625,53,123,17
2626,53,124,16
2627,53,71,15
2628,53,126,14
2629,53,73,13
2630,53,65,12
2631,53,25,11
2632,53,130,10
2633,53,131,9
2634,53,21,8
2635,53,16,7
2636,53,28,6
2637,53,135,5
2638,53,35,4
2639,53,19,3
2640,53,139,1
2641,139,120,20
2642,139,121,19
2643,139,22,18
2644,139,123,17
2645,139,124,16
2646,139,71,15
2647,139,126,14
2648,139,73,13
2649,139,65,12
2650,139,25,11
2651,139,130,10
2652,139,131,9
2653,139,21,8
2654,139,16,7
2655,139,28,6
2656,139,135,5
2657,139,35,4
2658,139,19,3
2659,139,53,2
2660,140,141,19
2661,140,142,18
2662,140,143,17
2663,140,144,16
2664,140,145,15
2665,140,29,14
2666,140,93,13
2667,140,148,12
2668,140,149,11
2669,140,34,10
2670,140,151,9
2671,140,152,8
2672,140,6,7
2673,140,154,6
2674,140,28,5
2675,140,156,4
2676,140,35,3
2677,140,30,2
2678,140,71,1
2679,141,140,20
2680,141,142,18
2681,141,143,17
2682,141,144,16
2683,141,145,15
2684,141,29,14
2685,141,93,13
2686,141,148,12
2687,141,149,11
2688,141,34,10
2689,141,151,9
2690,141,152,8
2691,141,6,7
2692,141,154,6
2693,141,28,5
2694,141,156,4
2695,141,35,3
2696,141,30,2
2697,141,71,1
2698,142,140,20
2699,142,141,19
2700,142,143,17
2701,142,144,16
2702,142,145,15
2703,142,29,14
2704,142,93,13
2705,142,148,12
2706,142,149,11
2707,142,34,10
2708,142,151,9
2709,142,152,8
2710,142,6,7
2711,142,154,6
2712,142,28,5
2713,142,156,4
2714,142,35,3
2715,142,30,2
2716,142,71,1
2717,143,140,20
2718,143,141,19
2719,143,142,18
2720,143,144,16
2721,143,145,15
2722,143,29,14
2723,143,93,13
2724,143,148,12
2725,143,149,11
2726,143,34,10
2727,143,151,9
2728,143,152,8
2729,143,6,7
2730,143,154,6
2731,143,28,5
2732,143,156,4
2733,143,35,3
2734,143,30,2
2735,143,71,1
2736,144,140,20
2737,144,141,19
2738,144,142,18
2739,144,143,17
2740,144,145,15
2741,144,29,14
2742,144,93,13
2743,144,148,12
2744,144,149,11
2745,144,34,10
2746,144,151,9
2747,144,152,8
2748,144,6,7
2749,144,154,6
2750,144,28,5
2751,144,156,4
2752,144,35,3
2753,144,30,2
2754,144,71,1
2755,145,140,20
2756,145,141,19
2757,145,142,18
2758,145,143,17
2759,145,144,16
2760,145,29,14
2761,145,93,13
2762,145,148,12
2763,145,149,11
2764,145,34,10
2765,145,151,9
2766,145,152,8
2767,145,6,7
2768,145,154,6
2769,145,28,5
2770,145,156,4
2771,145,35,3
2772,145,30,2
2773,145,71,1
2774,29,140,20
2775,29,141,19
2776,29,142,18
2777,29,143,17
2778,29,144,16
2779,29,145,15
2780,29,93,13
2781,29,148,12
2782,29,149,11
2783,29,34,10
2784,29,151,9
2785,29,152,8
2786,29,6,7
2787,29,154,6
2788,29,28,5
2789,29,156,4
2790,29,35,3
2791,29,30,2
2792,29,71,1
2793,93,140,20
2794,93,141,19
2795,93,142,18
2796,93,143,17
2797,93,144,16
2798,93,145,15
2799,93,29,14
2800,93,148,12
2801,93,149,11
2802,93,34,10
2803,93,151,9
2804,93,152,8
2805,93,6,7
2806,93,154,6
2807,93,28,5
2808,93,156,4
2809,93,35,3
2810,93,30,2
2811,93,71,1
2812,148,140,20
2813,148,141,19
2814,148,142,18
2815,148,143,17
2816,148,144,16
2817,148,145,15
2818,148,29,14
2819,148,93,13
2820,148,149,11
2821,148,34,10
2822,148,151,9
2823,148,152,8
2824,148,6,7
2825,148,154,6
2826,148,28,5
2827,148,156,4
2828,148,35,3
2829,148,30,2
2830,148,71,1
2831,149,140,20
2832,149,141,19
2833,149,142,18
2834,149,143,17
2835,149,144,16
2836,149,145,15
2837,149,29,14
2838,149,93,13
2839,149,148,12
2840,149,34,10
2841,149,151,9
2842,149,152,8
2843,149,6,7
2844,149,154,6
2845,149,28,5
2846,149,156,4
2847,149,35,3
2848,149,30,2
2849,149,71,1
2850,34,140,20
2851,34,141,19
2852,34,142,18
2853,34,143,17
2854,34,144,16
2855,34,145,15
2856,34,29,14
2857,34,93,13
2858,34,148,12
2859,34,149,11
2860,34,151,9
2861,34,152,8
2862,34,6,7
2863,34,154,6
2864,34,28,5
2865,34,156,4
2866,34,35,3
2867,34,30,2
2868,34,71,1
2869,151,140,20
2870,151,141,19
2871,151,142,18
2872,151,143,17
2873,151,144,16
2874,151,145,15
2875,151,29,14
2876,151,93,13
2877,151,148,12
2878,151,149,11
2879,151,34,10
2880,151,152,8
2881,151,6,7
2882,151,154,6
2883,151,28,5
2884,151,156,4
2885,151,35,3
2886,151,30,2
2887,151,71,1
2888,152,140,20
2889,152,141,19
2890,152,142,18
2891,152,143,17
2892,152,144,16
2893,152,145,15
2894,152,29,14
2895,152,93,13
2896,152,148,12
2897,152,149,11
2898,152,34,10
2899,152,151,9
2900,152,6,7
2901,152,154,6
2902,152,28,5
2903,152,156,4
2904,152,35,3
2905,152,30,2
2906,152,71,1
2907,6,140,20
2908,6,141,19
2909,6,142,18
2910,6,143,17
2911,6,144,16
2912,6,145,15
2913,6,29,14
2914,6,93,13
2915,6,148,12
2916,6,149,11
2917,6,34,10
2918,6,151,9
2919,6,152,8
2920,6,154,6
2921,6,28,5
2922,6,156,4
2923,6,35,3
2924,6,30,2
2925,6,71,1
2926,154,140,20
2927,154,141,19
2928,154,142,18
2929,154,143,17
2930,154,144,16
2931,154,145,15
2932,154,29,14
2933,154,93,13
2934,154,148,12
2935,154,149,11
2936,154,34,10
2937,154,151,9
2938,154,152,8
2939,154,6,7
2940,154,28,5
2941,154,156,4
2942,154,35,3
2943,154,30,2
2944,154,71,1
2945,28,140,20
2946,28,141,19
2947,28,142,18
2948,28,143,17
2949,28,144,16
2950,28,145,15
2951,28,29,14
2952,28,93,13
2953,28,148,12
2954,28,149,11
2955,28,34,10
2956,28,151,9
2957,28,152,8
2958,28,6,7
2959,28,154,6
2960,28,156,4
2961,28,35,3
2962,28,30,2
2963,28,71,1
2964,156,140,20
2965,156,141,19
2966,156,142,18
2967,156,143,17
2968,156,144,16
2969,156,145,15
2970,156,29,14
2971,156,93,13
2972,156,148,12
2973,156,149,11
2974,156,34,10
2975,156,151,9
2976,156,152,8
2977,156,6,7
2978,156,154,6
2979,156,28,5
2980,156,35,3
2981,156,30,2
2982,156,71,1
2983,35,140,20
2984,35,141,19
2985,35,142,18
2986,35,143,17
2987,35,144,16
2988,35,145,15
2989,35,29,14
2990,35,93,13
2991,35,148,12
2992,35,149,11
2993,35,34,10
2994,35,151,9
2995,35,152,8
2996,35,6,7
2997,35,154,6
2998,35,28,5
2999,35,156,4
3000,35,30,2
3001,35,71,1
3002,30,140,20
3003,30,141,19
3004,30,142,18
3005,30,143,17
3006,30,144,16
3007,30,145,15
3008,30,29,14
3009,30,93,13
3010,30,148,12
3011,30,149,11
3012,30,34,10
3013,30,151,9
3014,30,152,8
3015,30,6,7
3016,30,154,6
3017,30,28,5
3018,30,156,4
3019,30,35,3
3020,30,71,1
3021,71,140,20
3022,71,141,19
3023,71,142,18
3024,71,143,17
3025,71,144,16
3026,71,145,15
3027,71,29,14
3028,71,93,13
3029,71,148,12
3030,71,149,11
3031,71,34,10
3032,71,151,9
3033,71,152,8
3034,71,6,7
3035,71,154,6
3036,71,28,5
3037,71,156,4
3038,71,35,3
3039,71,30,2
3040,160,161,19
3041,160,22,18
3042,160,163,17
3043,160,164,16
3044,160,165,15
3045,160,166,14
3046,160,167,13
3047,160,12,12
3048,160,169,11
3049,160,170,10
3050,160,171,9
3051,160,172,8
3052,160,173,7
3053,160,174,6
3054,160,175,5
3055,160,176,4
3056,160,177,3
3057,160,178,2
3058,160,16,1
3059,161,160,20
3060,161,22,18
3061,161,163,17
3062,161,164,16
3063,161,165,15
3064,161,166,14
3065,161,167,13
3066,161,12,12
3067,161,169,11
3068,161,170,10
3069,161,171,9
3070,161,172,8
3071,161,173,7
3072,161,174,6
3073,161,175,5
3074,161,176,4
3075,161,177,3
3076,161,178,2
3077,161,16,1
3078,22,160,20
3079,22,161,19
3080,22,163,17
3081,22,164,16
3082,22,165,15
3083,22,166,14
3084,22,167,13
3085,22,12,12
3086,22,169,11
3087,22,170,10
3088,22,171,9
3089,22,172,8
3090,22,173,7
3091,22,174,6
3092,22,175,5
3093,22,176,4
3094,22,177,3
3095,22,178,2
3096,22,16,1
3097,163,160,20
3098,163,161,19
3099,163,22,18
3100,163,164,16
3101,163,165,15
3102,163,166,14
3103,163,167,13
3104,163,12,12
3105,163,169,11
3106,163,170,10
3107,163,171,9
3108,163,172,8
3109,163,173,7
3110,163,174,6
3111,163,175,5
3112,163,176,4
3113,163,177,3
3114,163,178,2
3115,163,16,1
3116,164,160,20
3117,164,161,19
3118,164,22,18
3119,164,163,17
3120,164,165,15
3121,164,166,14
3122,164,167,13
3123,164,12,12
3124,164,169,11
3125,164,170,10
3126,164,171,9
3127,164,172,8
3128,164,173,7
3129,164,174,6
3130,164,175,5
3131,164,176,4
3132,164,177,3
3133,164,178,2
3134,164,16,1
3135,165,160,20
3136,165,161,19
3137,165,22,18
3138,165,163,17
3139,165,164,16
3140,165,166,14
3141,165,167,13
3142,165,12,12
3143,165,169,11
3144,165,170,10
3145,165,171,9
3146,165,172,8
3147,165,173,7
3148,165,174,6
3149,165,175,5
3150,165,176,4
3151,165,177,3
3152,165,178,2
3153,165,16,1
3154,166,160,20
3155,166,161,19
3156,166,22,18
3157,166,163,17
3158,166,164,16
3159,166,165,15
3160,166,167,13
3161,166,12,12
3162,166,169,11
3163,166,170,10
3164,166,171,9
3165,166,172,8
3166,166,173,7
3167,166,174,6
3168,166,175,5
3169,166,176,4
3170,166,177,3
3171,166,178,2
3172,166,16,1
3173,167,160,20
3174,167,161,19
3175,167,22,18
3176,167,163,17
3177,167,164,16
3178,167,165,15
3179,167,166,14
3180,167,12,12
3181,167,169,11
3182,167,170,10
3183,167,171,9
3184,167,172,8
3185,167,173,7
3186,167,174,6
3187,167,175,5
3188,167,176,4
3189,167,177,3
3190,167,178,2
3191,167,16,1
3192,12,160,20
3193,12,161,19
3194,12,22,18
3195,12,163,17
3196,12,164,16
3197,12,165,15
3198,12,166,14
3199,12,167,13
3200,12,169,11
3201,12,170,10
3202,12,171,9
3203,12,172,8
3204,12,173,7
3205,12,174,6
3206,12,175,5
3207,12,176,4
3208,12,177,3
3209,12,178,2
3210,12,16,1
3211,169,160,20
3212,169,161,19
3213,169,22,18
3214,169,163,17
3215,169,164,16
3216,169,165,15
3217,169,166,14
3218,169,167,13
3219,169,12,12
3220,169,170,10
3221,169,171,9
3222,169,172,8
3223,169,173,7
3224,169,174,6
3225,169,175,5
3226,169,176,4
3227,169,177,3
3228,169,178,2
3229,169,16,1
3230,170,160,20
3231,170,161,19
3232,170,22,18
3233,170,163,17
3234,170,164,16
3235,170,165,15
3236,170,166,14
3237,170,167,13
3238,170,12,12
3239,170,169,11
3240,170,171,9
3241,170,172,8
3242,170,173,7
3243,170,174,6
3244,170,175,5
3245,170,176,4
3246,170,177,3
3247,170,178,2
3248,170,16,1
3249,171,160,20
3250,171,161,19
3251,171,22,18
3252,171,163,17
3253,171,164,16
3254,171,165,15
3255,171,166,14
3256,171,167,13
3257,171,12,12
3258,171,169,11
3259,171,170,10
3260,171,172,8
3261,171,173,7
3262,171,174,6
3263,171,175,5
3264,171,176,4
3265,171,177,3
3266,171,178,2
3267,171,16,1
3268,172,160,20
3269,172,161,19
3270,172,22,18
3271,172,163,17
3272,172,164,16
3273,172,165,15
3274,172,166,14
3275,172,167,13
3276,172,12,12
3277,172,169,11
3278,172,170,10
3279,172,171,9
3280,172,173,7
3281,172,174,6
3282,172,175,5
3283,172,176,4
3284,172,177,3
3285,172,178,2
3286,172,16,1
3287,173,160,20
3288,173,161,19
3289,173,22,18
3290,173,163,17
3291,173,164,16
3292,173,165,15
3293,173,166,14
3294,173,167,13
3295,173,12,12
3296,173,169,11
3297,173,170,10
3298,173,171,9
3299,173,172,8
3300,173,174,6
3301,173,175,5
3302,173,176,4
3303,173,177,3
3304,173,178,2
3305,173,16,1
3306,174,160,20
3307,174,161,19
3308,174,22,18
3309,174,163,17
3310,174,164,16
3311,174,165,15
3312,174,166,14
3313,174,167,13
3314,174,12,12
3315,174,169,11
3316,174,170,10
3317,174,171,9
3318,174,172,8
3319,174,173,7
3320,174,175,5
3321,174,176,4
3322,174,177,3
3323,174,178,2
3324,174,16,1
3325,175,160,20
3326,175,161,19
3327,175,22,18
3328,175,163,17
3329,175,164,16
3330,175,165,15
3331,175,166,14
3332,175,167,13
3333,175,12,12
3334,175,169,11
3335,175,170,10
3336,175,171,9
3337,175,172,8
3338,175,173,7
3339,175,174,6
3340,175,176,4
3341,175,177,3
3342,175,178,2
3343,175,16,1
3344,176,160,20
3345,176,161,19
3346,176,22,18
3347,176,163,17
3348,176,164,16
3349,176,165,15
3350,176,166,14
3351,176,167,13
3352,176,12,12
3353,176,169,11
3354,176,170,10
3355,176,171,9
3356,176,172,8
3357,176,173,7
3358,176,174,6
3359,176,175,5
3360,176,177,3
3361,176,178,2
3362,176,16,1
3363,177,160,20
3364,177,161,19
3365,177,22,18
3366,177,163,17
3367,177,164,16
3368,177,165,15
3369,177,166,14
3370,177,167,13
3371,177,12,12
3372,177,169,11
3373,177,170,10
3374,177,171,9
3375,177,172,8
3376,177,173,7
3377,177,174,6
3378,177,175,5
3379,177,176,4
3380,177,178,2
3381,177,16,1
3382,178,160,20
3383,178,161,19
3384,178,22,18
3385,178,163,17
3386,178,164,16
3387,178,165,15
3388,178,166,14
3389,178,167,13
3390,178,12,12
3391,178,169,11
3392,178,170,10
3393,178,171,9
3394,178,172,8
3395,178,173,7
3396,178,174,6
3397,178,175,5
3398,178,176,4
3399,178,177,3
3400,178,16,1
3401,16,160,20
3402,16,161,19
3403,16,22,18
3404,16,163,17
3405,16,164,16
3406,16,165,15
3407,16,166,14
3408,16,167,13
3409,16,12,12
3410,16,169,11
3411,16,170,10
3412,16,171,9
3413,16,172,8
3414,16,173,7
3415,16,174,6
3416,16,175,5
3417,16,176,4
3418,16,177,3
3419,16,178,2
3420,29,181,19
3421,29,182,18
3422,29,22,17
3423,29,16,16
3424,29,65,15
3425,29,186,14
3426,29,187,13
3427,29,28,12
3428,29,73,11
3429,29,31,10
3430,29,131,9
3431,29,192,8
3432,29,193,7
3433,29,194,6
3434,29,19,5
3435,29,124,4
3436,29,123,3
3437,29,198,2
3438,29,199,1
3439,181,29,20
3440,181,182,18
3441,181,22,17
3442,181,16,16
3443,181,65,15
3444,181,186,14
3445,181,187,13
3446,181,28,12
3447,181,73,11
3448,181,31,10
3449,181,131,9
3450,181,192,8
3451,181,193,7
3452,181,194,6
3453,181,19,5
3454,181,124,4
3455,181,123,3
3456,181,198,2
3457,181,199,1
3458,182,29,20
3459,182,181,19
3460,182,22,17
3461,182,16,16
3462,182,65,15
3463,182,186,14
3464,182,187,13
3465,182,28,12
3466,182,73,11
3467,182,31,10
3468,182,131,9
3469,182,192,8
3470,182,193,7
3471,182,194,6
3472,182,19,5
3473,182,124,4
3474,182,123,3
3475,182,198,2
3476,182,199,1
3477,22,29,20
3478,22,181,19
3479,22,182,18
3480,22,16,16
3481,22,65,15
3482,22,186,14
3483,22,187,13
3484,22,28,12
3485,22,73,11
3486,22,31,10
3487,22,131,9
3488,22,192,8
3489,22,193,7
3490,22,194,6
3491,22,19,5
3492,22,124,4
3493,22,123,3
3494,22,198,2
3495,22,199,1
3496,16,29,20
3497,16,181,19
3498,16,182,18
3499,16,22,17
3500,16,65,15
3501,16,186,14
3502,16,187,13
3503,16,28,12
3504,16,73,11
3505,16,31,10
3506,16,131,9
3507,16,192,8
3508,16,193,7
3509,16,194,6
3510,16,19,5
3511,16,124,4
3512,16,123,3
3513,16,198,2
3514,16,199,1
3515,65,29,20
3516,65,181,19
3517,65,182,18
3518,65,22,17
3519,65,16,16
3520,65,186,14
3521,65,187,13
3522,65,28,12
3523,65,73,11
3524,65,31,10
3525,65,131,9
3526,65,192,8
3527,65,193,7
3528,65,194,6
3529,65,19,5
3530,65,124,4
3531,65,123,3
3532,65,198,2
3533,65,199,1
3534,186,29,20
3535,186,181,19
3536,186,182,18
3537,186,22,17
3538,186,16,16
3539,186,65,15
3540,186,187,13
3541,186,28,12
3542,186,73,11
3543,186,31,10
3544,186,131,9
3545,186,192,8
3546,186,193,7
3547,186,194,6
3548,186,19,5
3549,186,124,4
3550,186,123,3
3551,186,198,2
3552,186,199,1
3553,187,29,20
3554,187,181,19
3555,187,182,18
3556,187,22,17
3557,187,16,16
3558,187,65,15
3559,187,186,14
3560,187,28,12
3561,187,73,11
3562,187,31,10
3563,187,131,9
3564,187,192,8
3565,187,193,7
3566,187,194,6
3567,187,19,5
3568,187,124,4
3569,187,123,3
3570,187,198,2
3571,187,199,1
3572,28,29,20
3573,28,181,19
3574,28,182,18
3575,28,22,17
3576,28,16,16
3577,28,65,15
3578,28,186,14
3579,28,187,13
3580,28,73,11
3581,28,31,10
3582,28,131,9
3583,28,192,8
3584,28,193,7
3585,28,194,6
3586,28,19,5
3587,28,124,4
3588,28,123,3
3589,28,198,2
3590,28,199,1
3591,73,29,20
3592,73,181,19
3593,73,182,18
3594,73,22,17
3595,73,16,16
3596,73,65,15
3597,73,186,14
3598,73,187,13
3599,73,28,12
3600,73,31,10
3601,73,131,9
3602,73,192,8
3603,73,193,7
3604,73,194,6
3605,73,19,5
3606,73,124,4
3607,73,123,3
3608,73,198,2
3609,73,199,1
3610,31,29,20
3611,31,181,19
3612,31,182,18
3613,31,22,17
3614,31,16,16
3615,31,65,15
3616,31,186,14
3617,31,187,13
3618,31,28,12
3619,31,73,11
3620,31,131,9
3621,31,192,8
3622,31,193,7
3623,31,194,6
3624,31,19,5
3625,31,124,4
3626,31,123,3
3627,31,198,2
3628,31,199,1
3629,131,29,20
3630,131,181,19
3631,131,182,18
3632,131,22,17
3633,131,16,16
3634,131,65,15
3635,131,186,14
3636,131,187,13
3637,131,28,12
3638,131,73,11
3639,131,31,10
3640,131,192,8
3641,131,193,7
3642,131,194,6
3643,131,19,5
3644,131,124,4
3645,131,123,3
3646,131,198,2
3647,131,199,1
3648,192,29,20
3649,192,181,19
3650,192,182,18
3651,192,22,17
3652,192,16,16
3653,192,65,15
3654,192,186,14
3655,192,187,13
3656,192,28,12
3657,192,73,11
3658,192,31,10
3659,192,131,9
3660,192,193,7
3661,192,194,6
3662,192,19,5
3663,192,124,4
3664,192,123,3
3665,192,198,2
3666,192,199,1
3667,193,29,20
3668,193,181,19
3669,193,182,18
3670,193,22,17
3671,193,16,16
3672,193,65,15
3673,193,186,14
3674,193,187,13
3675,193,28,12
3676,193,73,11
3677,193,31,10
3678,193,131,9
3679,193,192,8
3680,193,194,6
3681,193,19,5
3682,193,124,4
3683,193,123,3
3684,193,198,2
3685,193,199,1
3686,194,29,20
3687,194,181,19
3688,194,182,18
3689,194,22,17
3690,194,16,16
3691,194,65,15
3692,194,186,14
3693,194,187,13
3694,194,28,12
3695,194,73,11
3696,194,31,10
3697,194,131,9
3698,194,192,8
3699,194,193,7
3700,194,19,5
3701,194,124,4
3702,194,123,3
3703,194,198,2
3704,194,199,1
3705,19,29,20
3706,19,181,19
3707,19,182,18
3708,19,22,17
3709,19,16,16
3710,19,65,15
3711,19,186,14
3712,19,187,13
3713,19,28,12
3714,19,73,11
3715,19,31,10
3716,19,131,9
3717,19,192,8
3718,19,193,7
3719,19,194,6
3720,19,124,4
3721,19,123,3
3722,19,198,2
3723,19,199,1
3724,124,29,20
3725,124,181,19
3726,124,182,18
3727,124,22,17
3728,124,16,16
3729,124,65,15
3730,124,186,14
3731,124,187,13
3732,124,28,12
3733,124,73,11
3734,124,31,10
3735,124,131,9
3736,124,192,8
3737,124,193,7
3738,124,194,6
3739,124,19,5
3740,124,123,3
3741,124,198,2
3742,124,199,1
3743,123,29,20
3744,123,181,19
3745,123,182,18
3746,123,22,17
3747,123,16,16
3748,123,65,15
3749,123,186,14
3750,123,187,13
3751,123,28,12
3752,123,73,11
3753,123,31,10
3754,123,131,9
3755,123,192,8
3756,123,193,7
3757,123,194,6
3758,123,19,5
3759,123,124,4
3760,123,198,2
3761,123,199,1
3762,198,29,20
3763,198,181,19
3764,198,182,18
3765,198,22,17
3766,198,16,16
3767,198,65,15
3768,198,186,14
3769,198,187,13
3770,198,28,12
3771,198,73,11
3772,198,31,10
3773,198,131,9
3774,198,192,8
3775,198,193,7
3776,198,194,6
3777,198,19,5
3778,198,124,4
3779,198,123,3
3780,198,199,1
3781,199,29,20
3782,199,181,19
3783,199,182,18
3784,199,22,17
3785,199,16,16
3786,199,65,15
3787,199,186,14
3788,199,187,13
3789,199,28,12
3790,199,73,11
3791,199,31,10
3792,199,131,9
3793,199,192,8
3794,199,193,7
3795,199,194,6
3796,199,19,5
3797,199,124,4
3798,199,123,3
3799,199,198,2
3800,200,201,19
3801,200,93,18
3802,200,71,17
3803,200,84,16
3804,200,31,15
3805,200,206,14
3806,200,207,13
3807,200,208,12
3808,200,16,11
3809,200,29,10
3810,200,211,9
3811,200,212,8
3812,200,213,7
3813,200,214,6
3814,200,215,5
3815,200,216,4
3816,200,217,3
3817,200,45,2
3818,200,219,1
3819,201,200,20
3820,201,93,18
3821,201,71,17
3822,201,84,16
3823,201,31,15
3824,201,206,14
3825,201,207,13
3826,201,208,12
3827,201,16,11
3828,201,29,10
3829,201,211,9
3830,201,212,8
3831,201,213,7
3832,201,214,6
3833,201,215,5
3834,201,216,4
3835,201,217,3
3836,201,45,2
3837,201,219,1
3838,93,200,20
3839,93,201,19
3840,93,71,17
3841,93,84,16
3842,93,31,15
3843,93,206,14
3844,93,207,13
3845,93,208,12
3846,93,16,11
3847,93,29,10
3848,93,211,9
3849,93,212,8
3850,93,213,7
3851,93,214,6
3852,93,215,5
3853,93,216,4
3854,93,217,3
3855,93,45,2
3856,93,219,1
3857,71,200,20
3858,71,201,19
3859,71,93,18
3860,71,84,16
3861,71,31,15
3862,71,206,14
3863,71,207,13
3864,71,208,12
3865,71,16,11
3866,71,29,10
3867,71,211,9
3868,71,212,8
3869,71,213,7
3870,71,214,6
3871,71,215,5
3872,71,216,4
3873,71,217,3
3874,71,45,2
3875,71,219,1
3876,84,200,20
3877,84,201,19
3878,84,93,18
3879,84,71,17
3880,84,31,15
3881,84,206,14
3882,84,207,13
3883,84,208,12
3884,84,16,11
3885,84,29,10
3886,84,211,9
3887,84,212,8
3888,84,213,7
3889,84,214,6
3890,84,215,5
3891,84,216,4
3892,84,217,3
3893,84,45,2
3894,84,219,1
3895,31,200,20
3896,31,201,19
3897,31,93,18
3898,31,71,17
3899,31,84,16
3900,31,206,14
3901,31,207,13
3902,31,208,12
3903,31,16,11
3904,31,29,10
3905,31,211,9
3906,31,212,8
3907,31,213,7
3908,31,214,6
3909,31,215,5
3910,31,216,4
3911,31,217,3
3912,31,45,2
3913,31,219,1
3914,206,200,20
3915,206,201,19
3916,206,93,18
3917,206,71,17
3918,206,84,16
3919,206,31,15
3920,206,207,13
3921,206,208,12
3922,206,16,11
3923,206,29,10
3924,206,211,9
3925,206,212,8
3926,206,213,7
3927,206,214,6
3928,206,215,5
3929,206,216,4
3930,206,217,3
3931,206,45,2
3932,206,219,1
3933,207,200,20
3934,207,201,19
3935,207,93,18
3936,207,71,17
3937,207,84,16
3938,207,31,15
3939,207,206,14
3940,207,208,12
3941,207,16,11
3942,207,29,10
3943,207,211,9
3944,207,212,8
3945,207,213,7
3946,207,214,6
3947,207,215,5
3948,207,216,4
3949,207,217,3
3950,207,45,2
3951,207,219,1
3952,208,200,20
3953,208,201,19
3954,208,93,18
3955,208,71,17
3956,208,84,16
3957,208,31,15
3958,208,206,14
3959,208,207,13
3960,208,16,11
3961,208,29,10
3962,208,211,9
3963,208,212,8
3964,208,213,7
3965,208,214,6
3966,208,215,5
3967,208,216,4
3968,208,217,3
3969,208,45,2
3970,208,219,1
3971,16,200,20
3972,16,201,19
3973,16,93,18
3974,16,71,17
3975,16,84,16
3976,16,31,15
3977,16,206,14
3978,16,207,13
3979,16,208,12
3980,16,29,10
3981,16,211,9
3982,16,212,8
3983,16,213,7
3984,16,214,6
3985,16,215,5
3986,16,216,4
3987,16,217,3
3988,16,45,2
3989,16,219,1
3990,29,200,20
3991,29,201,19
3992,29,93,18
3993,29,71,17
3994,29,84,16
3995,29,31,15
3996,29,206,14
3997,29,207,13
3998,29,208,12
3999,29,16,11
4000,29,211,9
4001,29,212,8
4002,29,213,7
4003,29,214,6
4004,29,215,5
4005,29,216,4
4006,29,217,3
4007,29,45,2
4008,29,219,1
4009,211,200,20
4010,211,201,19
4011,211,93,18
4012,211,71,17
4013,211,84,16
4014,211,31,15
4015,211,206,14
4016,211,207,13
4017,211,208,12
4018,211,16,11
4019,211,29,10
4020,211,212,8
4021,211,213,7
4022,211,214,6
4023,211,215,5
4024,211,216,4
4025,211,217,3
4026,211,45,2
4027,211,219,1
4028,212,200,20
4029,212,201,19
4030,212,93,18
4031,212,71,17
4032,212,84,16
4033,212,31,15
4034,212,206,14
4035,212,207,13
4036,212,208,12
4037,212,16,11
4038,212,29,10
4039,212,211,9
4040,212,213,7
4041,212,214,6
4042,212,215,5
4043,212,216,4
4044,212,217,3
4045,212,45,2
4046,212,219,1
4047,213,200,20
4048,213,201,19
4049,213,93,18
4050,213,71,17
4051,213,84,16
4052,213,31,15
4053,213,206,14
4054,213,207,13
4055,213,208,12
4056,213,16,11
4057,213,29,10
4058,213,211,9
4059,213,212,8
4060,213,214,6
4061,213,215,5
4062,213,216,4
4063,213,217,3
4064,213,45,2
4065,213,219,1
4066,214,200,20
4067,214,201,19
4068,214,93,18
4069,214,71,17
4070,214,84,16
4071,214,31,15
4072,214,206,14
4073,214,207,13
4074,214,208,12
4075,214,16,11
4076,214,29,10
4077,214,211,9
4078,214,212,8
4079,214,213,7
4080,214,215,5
4081,214,216,4
4082,214,217,3
4083,214,45,2
4084,214,219,1
4085,215,200,20
4086,215,201,19
4087,215,93,18
4088,215,71,17
4089,215,84,16
4090,215,31,15
4091,215,206,14
4092,215,207,13
4093,215,208,12
4094,215,16,11
4095,215,29,10
4096,215,211,9
4097,215,212,8
4098,215,213,7
4099,215,214,6
4100,215,216,4
4101,215,217,3
4102,215,45,2
4103,215,219,1
4104,216,200,20
4105,216,201,19
4106,216,93,18
4107,216,71,17
4108,216,84,16
4109,216,31,15
4110,216,206,14
4111,216,207,13
4112,216,208,12
4113,216,16,11
4114,216,29,10
4115,216,211,9
4116,216,212,8
4117,216,213,7
4118,216,214,6
4119,216,215,5
4120,216,217,3
4121,216,45,2
4122,216,219,1
4123,217,200,20
4124,217,201,19
4125,217,93,18
4126,217,71,17
4127,217,84,16
4128,217,31,15
4129,217,206,14
4130,217,207,13
4131,217,208,12
4132,217,16,11
4133,217,29,10
4134,217,211,9
4135,217,212,8
4136,217,213,7
4137,217,214,6
4138,217,215,5
4139,217,216,4
4140,217,45,2
4141,217,219,1
4142,45,200,20
4143,45,201,19
4144,45,93,18
4145,45,71,17
4146,45,84,16
4147,45,31,15
4148,45,206,14
4149,45,207,13
4150,45,208,12
4151,45,16,11
4152,45,29,10
4153,45,211,9
4154,45,212,8
4155,45,213,7
4156,45,214,6
4157,45,215,5
4158,45,216,4
4159,45,217,3
4160,45,219,1
4161,219,200,20
4162,219,201,19
4163,219,93,18
4164,219,71,17
4165,219,84,16
4166,219,31,15
4167,219,206,14
4168,219,207,13
4169,219,208,12
4170,219,16,11
4171,219,29,10
4172,219,211,9
4173,219,212,8
4174,219,213,7
4175,219,214,6
4176,219,215,5
4177,219,216,4
4178,219,217,3
4179,219,45,2
4180,220,221,19
4181,220,100,18
4182,220,30,17
4183,220,224,16
4184,220,225,15
4185,220,0,14
4186,220,227,13
4187,220,206,12
4188,220,145,11
4189,220,230,10
4190,220,106,9
4191,220,5,8
4192,220,10,7
4193,220,234,6
4194,220,235,5
4195,220,42,4
4196,220,237,3
4197,220,16,2
4198,220,29,1
4199,221,220,20
4200,221,100,18
4201,221,30,17
4202,221,224,16
4203,221,225,15
4204,221,0,14
4205,221,227,13
4206,221,206,12
4207,221,145,11
4208,221,230,10
4209,221,106,9
4210,221,5,8
4211,221,10,7
4212,221,234,6
4213,221,235,5
4214,221,42,4
4215,221,237,3
4216,221,16,2
4217,221,29,1
4218,100,220,20
4219,100,221,19
4220,100,30,17
4221,100,224,16
4222,100,225,15
4223,100,0,14
4224,100,227,13
4225,100,206,12
4226,100,145,11
4227,100,230,10
4228,100,106,9
4229,100,5,8
4230,100,10,7
4231,100,234,6
4232,100,235,5
4233,100,42,4
4234,100,237,3
4235,100,16,2
4236,100,29,1
4237,30,220,20
4238,30,221,19
4239,30,100,18
4240,30,224,16
4241,30,225,15
4242,30,0,14
4243,30,227,13
4244,30,206,12
4245,30,145,11
4246,30,230,10
4247,30,106,9
4248,30,5,8
4249,30,10,7
4250,30,234,6
4251,30,235,5
4252,30,42,4
4253,30,237,3
4254,30,16,2
4255,30,29,1
4256,224,220,20
4257,224,221,19
4258,224,100,18
4259,224,30,17
4260,224,225,15
4261,224,0,14
4262,224,227,13
4263,224,206,12
4264,224,145,11
4265,224,230,10
4266,224,106,9
4267,224,5,8
4268,224,10,7
4269,224,234,6
4270,224,235,5
4271,224,42,4
4272,224,237,3
4273,224,16,2
4274,224,29,1
4275,225,220,20
4276,225,221,19
4277,225,100,18
4278,225,30,17
4279,225,224,16
4280,225,0,14
4281,225,227,13
4282,225,206,12
4283,225,145,11
4284,225,230,10
4285,225,106,9
4286,225,5,8
4287,225,10,7
4288,225,234,6
4289,225,235,5
4290,225,42,4
4291,225,237,3
4292,225,16,2
4293,225,29,1
4294,0,220,20
4295,0,221,19
4296,0,100,18
4297,0,30,17
4298,0,224,16
4299,0,225,15
4300,0,227,13
4301,0,206,12
4302,0,145,11
4303,0,230,10
4304,0,106,9
4305,0,5,8
4306,0,10,7
4307,0,234,6
4308,0,235,5
4309,0,42,4
4310,0,237,3
4311,0,16,2
4312,0,29,1
4313,227,220,20
4314,227,221,19
4315,227,100,18
4316,227,30,17
4317,227,224,16
4318,227,225,15
4319,227,0,14
4320,227,206,12
4321,227,145,11
4322,227,230,10
4323,227,106,9
4324,227,5,8
4325,227,10,7
4326,227,234,6
4327,227,235,5
4328,227,42,4
4329,227,237,3
4330,227,16,2
4331,227,29,1
4332,206,220,20
4333,206,221,19
4334,206,100,18
4335,206,30,17
4336,206,224,16
4337,206,225,15
4338,206,0,14
4339,206,227,13
4340,206,145,11
4341,206,230,10
4342,206,106,9
4343,206,5,8
4344,206,10,7
4345,206,234,6
4346,206,235,5
4347,206,42,4
4348,206,237,3
4349,206,16,2
4350,206,29,1
4351,145,220,20
4352,145,221,19
4353,145,100,18
4354,145,30,17
4355,145,224,16
4356,145,225,15
4357,145,0,14
4358,145,227,13
4359,145,206,12
4360,145,230,10
4361,145,106,9
4362,145,5,8
4363,145,10,7
4364,145,234,6
4365,145,235,5
4366,145,42,4
4367,145,237,3
4368,145,16,2
4369,145,29,1
4370,230,220,20
4371,230,221,19
4372,230,100,18
4373,230,30,17
4374,230,224,16
4375,230,225,15
4376,230,0,14
4377,230,227,13
4378,230,206,12
4379,230,145,11
4380,230,106,9
4381,230,5,8
4382,230,10,7
4383,230,234,6
4384,230,235,5
4385,230,42,4
4386,230,237,3
4387,230,16,2
4388,230,29,1
4389,106,220,20
4390,106,221,19
4391,106,100,18
4392,106,30,17
4393,106,224,16
4394,106,225,15
4395,106,0,14
4396,106,227,13
4397,106,206,12
4398,106,145,11
4399,106,230,10
4400,106,5,8
4401,106,10,7
4402,106,234,6
4403,106,235,5
4404,106,42,4
4405,106,237,3
4406,106,16,2
4407,106,29,1
4408,5,220,20
4409,5,221,19
4410,5,100,18
4411,5,30,17
4412,5,224,16
4413,5,225,15
4414,5,0,14
4415,5,227,13
4416,5,206,12
4417,5,145,11
4418,5,230,10
4419,5,106,9
4420,5,10,7
4421,5,234,6
4422,5,235,5
4423,5,42,4
4424,5,237,3
4425,5,16,2
4426,5,29,1
4427,10,220,20
4428,10,221,19
4429,10,100,18
4430,10,30,17
4431,10,224,16
4432,10,225,15
4433,10,0,14
4434,10,227,13
4435,10,206,12
4436,10,145,11
4437,10,230,10
4438,10,106,9
4439,10,5,8
4440,10,234,6
4441,10,235,5
4442,10,42,4
4443,10,237,3
4444,10,16,2
4445,10,29,1
4446,234,220,20
4447,234,221,19
4448,234,100,18
4449,234,30,17
4450,234,224,16
4451,234,225,15
4452,234,0,14
4453,234,227,13
4454,234,206,12
4455,234,145,11
4456,234,230,10
4457,234,106,9
4458,234,5,8
4459,234,10,7
4460,234,235,5
4461,234,42,4
4462,234,237,3
4463,234,16,2
4464,234,29,1
4465,235,220,20
4466,235,221,19
4467,235,100,18
4468,235,30,17
4469,235,224,16
4470,235,225,15
4471,235,0,14
4472,235,227,13
4473,235,206,12
4474,235,145,11
4475,235,230,10
4476,235,106,9
4477,235,5,8
4478,235,10,7
4479,235,234,6
4480,235,42,4
4481,235,237,3
4482,235,16,2
4483,235,29,1
4484,42,220,20
4485,42,221,19
4486,42,100,18
4487,42,30,17
4488,42,224,16
4489,42,225,15
4490,42,0,14
4491,42,227,13
4492,42,206,12
4493,42,145,11
4494,42,230,10
4495,42,106,9
4496,42,5,8
4497,42,10,7
4498,42,234,6
4499,42,235,5
4500,42,237,3
4501,42,16,2
4502,42,29,1
4503,237,220,20
4504,237,221,19
4505,237,100,18
4506,237,30,17
4507,237,224,16
4508,237,225,15
4509,237,0,14
4510,237,227,13
4511,237,206,12
4512,237,145,11
4513,237,230,10
4514,237,106,9
4515,237,5,8
4516,237,10,7
4517,237,234,6
4518,237,235,5
4519,237,42,4
4520,237,16,2
4521,237,29,1
4522,16,220,20
4523,16,221,19
4524,16,100,18
4525,16,30,17
4526,16,224,16
4527,16,225,15
4528,16,0,14
4529,16,227,13
4530,16,206,12
4531,16,145,11
4532,16,230,10
4533,16,106,9
4534,16,5,8
4535,16,10,7
4536,16,234,6
4537,16,235,5
4538,16,42,4
4539,16,237,3
4540,16,29,1
4541,29,220,20
4542,29,221,19
4543,29,100,18
4544,29,30,17
4545,29,224,16
4546,29,225,15
4547,29,0,14
4548,29,227,13
4549,29,206,12
4550,29,145,11
4551,29,230,10
4552,29,106,9
4553,29,5,8
4554,29,10,7
4555,29,234,6
4556,29,235,5
4557,29,42,4
4558,29,237,3
4559,29,16,2
4560,22,241,19
4561,22,34,18
4562,22,243,17
4563,22,244,16
4564,22,245,15
4565,22,126,14
4566,22,33,13
4567,22,28,12
4568,22,249,11
4569,22,250,10
4570,22,65,9
4571,22,252,8
4572,22,253,7
4573,22,254,6
4574,22,10,5
4575,22,256,4
4576,22,17,3
4577,22,258,2
4578,22,53,1
4579,241,22,20
4580,241,34,18
4581,241,243,17
4582,241,244,16
4583,241,245,15
4584,241,126,14
4585,241,33,13
4586,241,28,12
4587,241,249,11
4588,241,250,10
4589,241,65,9
4590,241,252,8
4591,241,253,7
4592,241,254,6
4593,241,10,5
4594,241,256,4
4595,241,17,3
4596,241,258,2
4597,241,53,1
4598,34,22,20
4599,34,241,19
4600,34,243,17
4601,34,244,16
4602,34,245,15
4603,34,126,14
4604,34,33,13
4605,34,28,12
4606,34,249,11
4607,34,250,10
4608,34,65,9
4609,34,252,8
4610,34,253,7
4611,34,254,6
4612,34,10,5
4613,34,256,4
4614,34,17,3
4615,34,258,2
4616,34,53,1
4617,243,22,20
4618,243,241,19
4619,243,34,18
4620,243,244,16
4621,243,245,15
4622,243,126,14
4623,243,33,13
4624,243,28,12
4625,243,249,11
4626,243,250,10
4627,243,65,9
4628,243,252,8
4629,243,253,7
4630,243,254,6
4631,243,10,5
4632,243,256,4
4633,243,17,3
4634,243,258,2
4635,243,53,1
4636,244,22,20
4637,244,241,19
4638,244,34,18
4639,244,243,17
4640,244,245,15
4641,244,126,14
4642,244,33,13
4643,244,28,12
4644,244,249,11
4645,244,250,10
4646,244,65,9
4647,244,252,8
4648,244,253,7
4649,244,254,6
4650,244,10,5
4651,244,256,4
4652,244,17,3
4653,244,258,2
4654,244,53,1
4655,245,22,20
4656,245,241,19
4657,245,34,18
4658,245,243,17
4659,245,244,16
4660,245,126,14
4661,245,33,13
4662,245,28,12
4663,245,249,11
4664,245,250,10
4665,245,65,9
4666,245,252,8
4667,245,253,7
4668,245,254,6
4669,245,10,5
4670,245,256,4
4671,245,17,3
4672,245,258,2
4673,245,53,1
4674,126,22,20
4675,126,241,19
4676,126,34,18
4677,126,243,17
4678,126,244,16
4679,126,245,15
4680,126,33,13
4681,126,28,12
4682,126,249,11
4683,126,250,10
4684,126,65,9
4685,126,252,8
4686,126,253,7
4687,126,254,6
4688,126,10,5
4689,126,256,4
4690,126,17,3
4691,126,258,2
4692,126,53,1
4693,33,22,20
4694,33,241,19
4695,33,34,18
4696,33,243,17
4697,33,244,16
4698,33,245,15
4699,33,126,14
4700,33,28,12
4701,33,249,11
4702,33,250,10
4703,33,65,9
4704,33,252,8
4705,33,253,7
4706,33,254,6
4707,33,10,5
4708,33,256,4
4709,33,17,3
4710,33,258,2
4711,33,53,1
4712,28,22,20
4713,28,241,19
4714,28,34,18
4715,28,243,17
4716,28,244,16
4717,28,245,15
4718,28,126,14
4719,28,33,13
4720,28,249,11
4721,28,250,10
4722,28,65,9
4723,28,252,8
4724,28,253,7
4725,28,254,6
4726,28,10,5
4727,28,256,4
4728,28,17,3
4729,28,258,2
4730,28,53,1
4731,249,22,20
4732,249,241,19
4733,249,34,18
4734,249,243,17
4735,249,244,16
4736,249,245,15
4737,249,126,14
4738,249,33,13
4739,249,28,12
4740,249,250,10
4741,249,65,9
4742,249,252,8
4743,249,253,7
4744,249,254,6
4745,249,10,5
4746,249,256,4
4747,249,17,3
4748,249,258,2
4749,249,53,1
4750,250,22,20
4751,250,241,19
4752,250,34,18
4753,250,243,17
4754,250,244,16
4755,250,245,15
4756,250,126,14
4757,250,33,13
4758,250,28,12
4759,250,249,11
4760,250,65,9
4761,250,252,8
4762,250,253,7
4763,250,254,6
4764,250,10,5
4765,250,256,4
4766,250,17,3
4767,250,258,2
4768,250,53,1
4769,65,22,20
4770,65,241,19
4771,65,34,18
4772,65,243,17
4773,65,244,16
4774,65,245,15
4775,65,126,14
4776,65,33,13
4777,65,28,12
4778,65,249,11
4779,65,250,10
4780,65,252,8
4781,65,253,7
4782,65,254,6
4783,65,10,5
4784,65,256,4
4785,65,17,3
4786,65,258,2
4787,65,53,1
4788,252,22,20
4789,252,241,19
4790,252,34,18
4791,252,243,17
4792,252,244,16
4793,252,245,15
4794,252,126,14
4795,252,33,13
4796,252,28,12
4797,252,249,11
4798,252,250,10
4799,252,65,9
4800,252,253,7
4801,252,254,6
4802,252,10,5
4803,252,256,4
4804,252,17,3
4805,252,258,2
4806,252,53,1
4807,253,22,20
4808,253,241,19
4809,253,34,18
4810,253,243,17
4811,253,244,16
4812,253,245,15
4813,253,126,14
4814,253,33,13
4815,253,28,12
4816,253,249,11
4817,253,250,10
4818,253,65,9
4819,253,252,8
4820,253,254,6
4821,253,10,5
4822,253,256,4
4823,253,17,3
4824,253,258,2
4825,253,53,1
4826,254,22,20
4827,254,241,19
4828,254,34,18
4829,254,243,17
4830,254,244,16
4831,254,245,15
4832,254,126,14
4833,254,33,13
4834,254,28,12
4835,254,249,11
4836,254,250,10
4837,254,65,9
4838,254,252,8
4839,254,253,7
4840,254,10,5
4841,254,256,4
4842,254,17,3
4843,254,258,2
4844,254,53,1
4845,10,22,20
4846,10,241,19
4847,10,34,18
4848,10,243,17
4849,10,244,16
4850,10,245,15
4851,10,126,14
4852,10,33,13
4853,10,28,12
4854,10,249,11
4855,10,250,10
4856,10,65,9
4857,10,252,8
4858,10,253,7
4859,10,254,6
4860,10,256,4
4861,10,17,3
4862,10,258,2
4863,10,53,1
4864,256,22,20
4865,256,241,19
4866,256,34,18
4867,256,243,17
4868,256,244,16
4869,256,245,15
4870,256,126,14
4871,256,33,13
4872,256,28,12
4873,256,249,11
4874,256,250,10
4875,256,65,9
4876,256,252,8
4877,256,253,7
4878,256,254,6
4879,256,10,5
4880,256,17,3
4881,256,258,2
4882,256,53,1
4883,17,22,20
4884,17,241,19
4885,17,34,18
4886,17,243,17
4887,17,244,16
4888,17,245,15
4889,17,126,14
4890,17,33,13
4891,17,28,12
4892,17,249,11
4893,17,250,10
4894,17,65,9
4895,17,252,8
4896,17,253,7
4897,17,254,6
4898,17,10,5
4899,17,256,4
4900,17,258,2
4901,17,53,1
4902,258,22,20
4903,258,241,19
4904,258,34,18
4905,258,243,17
4906,258,244,16
4907,258,245,15
4908,258,126,14
4909,258,33,13
4910,258,28,12
4911,258,249,11
4912,258,250,10
4913,258,65,9
4914,258,252,8
4915,258,253,7
4916,258,254,6
4917,258,10,5
4918,258,256,4
4919,258,17,3
4920,258,53,1
4921,53,22,20
4922,53,241,19
4923,53,34,18
4924,53,243,17
4925,53,244,16
4926,53,245,15
4927,53,126,14
4928,53,33,13
4929,53,28,12
4930,53,249,11
4931,53,250,10
4932,53,65,9
4933,53,252,8
4934,53,253,7
4935,53,254,6
4936,53,10,5
4937,53,256,4
4938,53,17,3
4939,53,258,2
4940,260,261,19
4941,260,262,18
4942,260,31,17
4943,260,264,16
4944,260,265,15
4945,260,266,14
4946,260,267,13
4947,260,268,12
4948,260,22,11
4949,260,30,10
4950,260,6,9
4951,260,33,8
4952,260,34,7
4953,260,274,6
4954,260,275,5
4955,260,42,4
4956,260,13,3
4957,260,278,2
4958,260,279,1
4959,261,260,20
4960,261,262,18
4961,261,31,17
4962,261,264,16
4963,261,265,15
4964,261,266,14
4965,261,267,13
4966,261,268,12
4967,261,22,11
4968,261,30,10
4969,261,6,9
4970,261,33,8
4971,261,34,7
4972,261,274,6
4973,261,275,5
4974,261,42,4
4975,261,13,3
4976,261,278,2
4977,261,279,1
4978,262,260,20
4979,262,261,19
4980,262,31,17
4981,262,264,16
4982,262,265,15
4983,262,266,14
4984,262,267,13
4985,262,268,12
4986,262,22,11
4987,262,30,10
4988,262,6,9
4989,262,33,8
4990,262,34,7
4991,262,274,6
4992,262,275,5
4993,262,42,4
4994,262,13,3
4995,262,278,2
4996,262,279,1
4997,31,260,20
4998,31,261,19
4999,31,262,18
5000,31,264,16
5001,31,265,15
5002,31,266,14
5003,31,267,13
5004,31,268,12
5005,31,22,11
5006,31,30,10
5007,31,6,9
5008,31,33,8
5009,31,34,7
5010,31,274,6
5011,31,275,5
5012,31,42,4
5013,31,13,3
5014,31,278,2
5015,31,279,1
5016,264,260,20
5017,264,261,19
5018,264,262,18
5019,264,31,17
5020,264,265,15
5021,264,266,14
5022,264,267,13
5023,264,268,12
5024,264,22,11
5025,264,30,10
5026,264,6,9
5027,264,33,8
5028,264,34,7
5029,264,274,6
5030,264,275,5
5031,264,42,4
5032,264,13,3
5033,264,278,2
5034,264,279,1
5035,265,260,20
5036,265,261,19
5037,265,262,18
5038,265,31,17
5039,265,264,16
5040,265,266,14
5041,265,267,13
5042,265,268,12
5043,265,22,11
5044,265,30,10
5045,265,6,9
5046,265,33,8
5047,265,34,7
5048,265,274,6
5049,265,275,5
5050,265,42,4
5051,265,13,3
5052,265,278,2
5053,265,279,1
5054,266,260,20
5055,266,261,19
5056,266,262,18
5057,266,31,17
5058,266,264,16
5059,266,265,15
5060,266,267,13
5061,266,268,12
5062,266,22,11
5063,266,30,10
5064,266,6,9
5065,266,33,8
5066,266,34,7
5067,266,274,6
5068,266,275,5
5069,266,42,4
5070,266,13,3
5071,266,278,2
5072,266,279,1
5073,267,260,20
5074,267,261,19
5075,267,262,18
5076,267,31,17
5077,267,264,16
5078,267,265,15
5079,267,266,14
5080,267,268,12
5081,267,22,11
5082,267,30,10
5083,267,6,9
5084,267,33,8
5085,267,34,7
5086,267,274,6
5087,267,275,5
5088,267,42,4
5089,267,13,3
5090,267,278,2
5091,267,279,1
5092,268,260,20
5093,268,261,19
5094,268,262,18
5095,268,31,17
5096,268,264,16
5097,268,265,15
5098,268,266,14
5099,268,267,13
5100,268,22,11
5101,268,30,10
5102,268,6,9
5103,268,33,8
5104,268,34,7
5105,268,274,6
5106,268,275,5
5107,268,42,4
5108,268,13,3
5109,268,278,2
5110,268,279,1
5111,22,260,20
5112,22,261,19
5113,22,262,18
5114,22,31,17
5115,22,264,16
5116,22,265,15
5117,22,266,14
5118,22,267,13
5119,22,268,12
5120,22,30,10
5121,22,6,9
5122,22,33,8
5123,22,34,7
5124,22,274,6
5125,22,275,5
5126,22,42,4
5127,22,13,3
5128,22,278,2
5129,22,279,1
5130,30,260,20
5131,30,261,19
5132,30,262,18
5133,30,31,17
5134,30,264,16
5135,30,265,15
5136,30,266,14
5137,30,267,13
5138,30,268,12
5139,30,22,11
5140,30,6,9
5141,30,33,8
5142,30,34,7
5143,30,274,6
5144,30,275,5
5145,30,42,4
5146,30,13,3
5147,30,278,2
5148,30,279,1
5149,6,260,20
5150,6,261,19
5151,6,262,18
5152,6,31,17
5153,6,264,16
5154,6,265,15
5155,6,266,14
5156,6,267,13
5157,6,268,12
5158,6,22,11
5159,6,30,10
5160,6,33,8
5161,6,34,7
5162,6,274,6
5163,6,275,5
5164,6,42,4
5165,6,13,3
5166,6,278,2
5167,6,279,1
5168,33,260,20
5169,33,261,19
5170,33,262,18
5171,33,31,17
5172,33,264,16
5173,33,265,15
5174,33,266,14
5175,33,267,13
5176,33,268,12
5177,33,22,11
5178,33,30,10
5179,33,6,9
5180,33,34,7
5181,33,274,6
5182,33,275,5
5183,33,42,4
5184,33,13,3
5185,33,278,2
5186,33,279,1
5187,34,260,20
5188,34,261,19
5189,34,262,18
5190,34,31,17
5191,34,264,16
5192,34,265,15
5193,34,266,14
5194,34,267,13
5195,34,268,12
5196,34,22,11
5197,34,30,10
5198,34,6,9
5199,34,33,8
5200,34,274,6
5201,34,275,5
5202,34,42,4
5203,34,13,3
5204,34,278,2
5205,34,279,1
5206,274,260,20
5207,274,261,19
5208,274,262,18
5209,274,31,17
5210,274,264,16
5211,274,265,15
5212,274,266,14
5213,274,267,13
5214,274,268,12
5215,274,22,11
5216,274,30,10
5217,274,6,9
5218,274,33,8
5219,274,34,7
5220,274,275,5
5221,274,42,4
5222,274,13,3
5223,274,278,2
5224,274,279,1
5225,275,260,20
5226,275,261,19
5227,275,262,18
5228,275,31,17
5229,275,264,16
5230,275,265,15
5231,275,266,14
5232,275,267,13
5233,275,268,12
5234,275,22,11
5235,275,30,10
5236,275,6,9
5237,275,33,8
5238,275,34,7
5239,275,274,6
5240,275,42,4
5241,275,13,3
5242,275,278,2
5243,275,279,1
5244,42,260,20
5245,42,261,19
5246,42,262,18
5247,42,31,17
5248,42,264,16
5249,42,265,15
5250,42,266,14
5251,42,267,13
5252,42,268,12
5253,42,22,11
5254,42,30,10
5255,42,6,9
5256,42,33,8
5257,42,34,7
5258,42,274,6
5259,42,275,5
5260,42,13,3
5261,42,278,2
5262,42,279,1
5263,13,260,20
5264,13,261,19
5265,13,262,18
5266,13,31,17
5267,13,264,16
5268,13,265,15
5269,13,266,14
5270,13,267,13
5271,13,268,12
5272,13,22,11
5273,13,30,10
5274,13,6,9
5275,13,33,8
5276,13,34,7
5277,13,274,6
5278,13,275,5
5279,13,42,4
5280,13,278,2
5281,13,279,1
5282,278,260,20
5283,278,261,19
5284,278,262,18
5285,278,31,17
5286,278,264,16
5287,278,265,15
5288,278,266,14
5289,278,267,13
5290,278,268,12
5291,278,22,11
5292,278,30,10
5293,278,6,9
5294,278,33,8
5295,278,34,7
5296,278,274,6
5297,278,275,5
5298,278,42,4
5299,278,13,3
5300,278,279,1
5301,279,260,20
5302,279,261,19
5303,279,262,18
5304,279,31,17
5305,279,264,16
5306,279,265,15
5307,279,266,14
5308,279,267,13
5309,279,268,12
5310,279,22,11
5311,279,30,10
5312,279,6,9
5313,279,33,8
5314,279,34,7
5315,279,274,6
5316,279,275,5
5317,279,42,4
5318,279,13,3
5319,279,278,2
5320,29,281,19
5321,29,282,18
5322,29,21,17
5323,29,284,16
5324,29,285,15
5325,29,30,14
5326,29,73,13
5327,29,31,12
5328,29,65,11
5329,29,6,10
5330,29,12,9
5331,29,16,8
5332,29,23,7
5333,29,114,6
5334,29,124,5
5335,29,35,4
5336,29,297,3
5337,29,45,2
5338,29,15,1
5339,281,29,20
5340,281,282,18
5341,281,21,17
5342,281,284,16
5343,281,285,15
5344,281,30,14
5345,281,73,13
5346,281,31,12
5347,281,65,11
5348,281,6,10
5349,281,12,9
5350,281,16,8
5351,281,23,7
5352,281,114,6
5353,281,124,5
5354,281,35,4
5355,281,297,3
5356,281,45,2
5357,281,15,1
5358,282,29,20
5359,282,281,19
5360,282,21,17
5361,282,284,16
5362,282,285,15
5363,282,30,14
5364,282,73,13
5365,282,31,12
5366,282,65,11
5367,282,6,10
5368,282,12,9
5369,282,16,8
5370,282,23,7
5371,282,114,6
5372,282,124,5
5373,282,35,4
5374,282,297,3
5375,282,45,2
5376,282,15,1
5377,21,29,20
5378,21,281,19
5379,21,282,18
5380,21,284,16
5381,21,285,15
5382,21,30,14
5383,21,73,13
5384,21,31,12
5385,21,65,11
5386,21,6,10
5387,21,12,9
5388,21,16,8
5389,21,23,7
5390,21,114,6
5391,21,124,5
5392,21,35,4
5393,21,297,3
5394,21,45,2
5395,21,15,1
5396,284,29,20
5397,284,281,19
5398,284,282,18
5399,284,21,17
5400,284,285,15
5401,284,30,14
5402,284,73,13
5403,284,31,12
5404,284,65,11
5405,284,6,10
5406,284,12,9
5407,284,16,8
5408,284,23,7
5409,284,114,6
5410,284,124,5
5411,284,35,4
5412,284,297,3
5413,284,45,2
5414,284,15,1
5415,285,29,20
5416,285,281,19
5417,285,282,18
5418,285,21,17
5419,285,284,16
5420,285,30,14
5421,285,73,13
5422,285,31,12
5423,285,65,11
5424,285,6,10
5425,285,12,9
5426,285,16,8
5427,285,23,7
5428,285,114,6
5429,285,124,5
5430,285,35,4
5431,285,297,3
5432,285,45,2
5433,285,15,1
5434,30,29,20
5435,30,281,19
5436,30,282,18
5437,30,21,17
5438,30,284,16
5439,30,285,15
5440,30,73,13
5441,30,31,12
5442,30,65,11
5443,30,6,10
5444,30,12,9
5445,30,16,8
5446,30,23,7
5447,30,114,6
5448,30,124,5
5449,30,35,4
5450,30,297,3
5451,30,45,2
5452,30,15,1
5453,73,29,20
5454,73,281,19
5455,73,282,18
5456,73,21,17
5457,73,284,16
5458,73,285,15
5459,73,30,14
5460,73,31,12
5461,73,65,11
5462,73,6,10
5463,73,12,9
5464,73,16,8
5465,73,23,7
5466,73,114,6
5467,73,124,5
5468,73,35,4
5469,73,297,3
5470,73,45,2
5471,73,15,1
5472,31,29,20
5473,31,281,19
5474,31,282,18
5475,31,21,17
5476,31,284,16
5477,31,285,15
5478,31,30,14
5479,31,73,13
5480,31,65,11
5481,31,6,10
5482,31,12,9
5483,31,16,8
5484,31,23,7
5485,31,114,6
5486,31,124,5
5487,31,35,4
5488,31,297,3
5489,31,45,2
5490,31,15,1
5491,65,29,20
5492,65,281,19
5493,65,282,18
5494,65,21,17
5495,65,284,16
5496,65,285,15
5497,65,30,14
5498,65,73,13
5499,65,31,12
5500,65,6,10
5501,65,12,9
5502,65,16,8
5503,65,23,7
5504,65,114,6
5505,65,124,5
5506,65,35,4
5507,65,297,3
5508,65,45,2
5509,65,15,1
5510,6,29,20
5511,6,281,19
5512,6,282,18
5513,6,21,17
5514,6,284,16
5515,6,285,15
5516,6,30,14
5517,6,73,13
5518,6,31,12
5519,6,65,11
5520,6,12,9
5521,6,16,8
5522,6,23,7
5523,6,114,6
5524,6,124,5
5525,6,35,4
5526,6,297,3
5527,6,45,2
5528,6,15,1
5529,12,29,20
5530,12,281,19
5531,12,282,18
5532,12,21,17
5533,12,284,16
5534,12,285,15
5535,12,30,14
5536,12,73,13
5537,12,31,12
5538,12,65,11
5539,12,6,10
5540,12,16,8
5541,12,23,7
5542,12,114,6
5543,12,124,5
5544,12,35,4
5545,12,297,3
5546,12,45,2
5547,12,15,1
5548,16,29,20
5549,16,281,19
5550,16,282,18
5551,16,21,17
5552,16,284,16
5553,16,285,15
5554,16,30,14
5555,16,73,13
5556,16,31,12
5557,16,65,11
5558,16,6,10
5559,16,12,9
5560,16,23,7
5561,16,114,6
5562,16,124,5
5563,16,35,4
5564,16,297,3
5565,16,45,2
5566,16,15,1
5567,23,29,20
5568,23,281,19
5569,23,282,18
5570,23,21,17
5571,23,284,16
5572,23,285,15
5573,23,30,14
5574,23,73,13
5575,23,31,12
5576,23,65,11
5577,23,6,10
5578,23,12,9
5579,23,16,8
5580,23,114,6
5581,23,124,5
5582,23,35,4
5583,23,297,3
5584,23,45,2
5585,23,15,1
5586,114,29,20
5587,114,281,19
5588,114,282,18
5589,114,21,17
5590,114,284,16
5591,114,285,15
5592,114,30,14
5593,114,73,13
5594,114,31,12
5595,114,65,11
5596,114,6,10
5597,114,12,9
5598,114,16,8
5599,114,23,7
5600,114,124,5
5601,114,35,4
5602,114,297,3
5603,114,45,2
5604,114,15,1
5605,124,29,20
5606,124,281,19
5607,124,282,18
5608,124,21,17
5609,124,284,16
5610,124,285,15
5611,124,30,14
5612,124,73,13
5613,124,31,12
5614,124,65,11
5615,124,6,10
5616,124,12,9
5617,124,16,8
5618,124,23,7
5619,124,114,6
5620,124,35,4
5621,124,297,3
5622,124,45,2
5623,124,15,1
5624,35,29,20
5625,35,281,19
5626,35,282,18
5627,35,21,17
5628,35,284,16
5629,35,285,15
5630,35,30,14
5631,35,73,13
5632,35,31,12
5633,35,65,11
5634,35,6,10
5635,35,12,9
5636,35,16,8
5637,35,23,7
5638,35,114,6
5639,35,124,5
5640,35,297,3
5641,35,45,2
5642,35,15,1
5643,297,29,20
5644,297,281,19
5645,297,282,18
5646,297,21,17
5647,297,284,16
5648,297,285,15
5649,297,30,14
5650,297,73,13
5651,297,31,12
5652,297,65,11
5653,297,6,10
5654,297,12,9
5655,297,16,8
5656,297,23,7
5657,297,114,6
5658,297,124,5
5659,297,35,4
5660,297,45,2
5661,297,15,1
5662,45,29,20
5663,45,281,19
5664,45,282,18
5665,45,21,17
5666,45,284,16
5667,45,285,15
5668,45,30,14
5669,45,73,13
5670,45,31,12
5671,45,65,11
5672,45,6,10
5673,45,12,9
5674,45,16,8
5675,45,23,7
5676,45,114,6
5677,45,124,5
5678,45,35,4
5679,45,297,3
5680,45,15,1
5681,15,29,20
5682,15,281,19
5683,15,282,18
5684,15,21,17
5685,15,284,16
5686,15,285,15
5687,15,30,14
5688,15,73,13
5689,15,31,12
5690,15,65,11
5691,15,6,10
5692,15,12,9
5693,15,16,8
5694,15,23,7
5695,15,114,6
5696,15,124,5
5697,15,35,4
5698,15,297,3
5699,15,45,2
5700,300,301,19
5701,300,29,18
5702,300,16,17
5703,300,22,16
5704,300,30,15
5705,300,306,14
5706,300,307,13
5707,300,308,12
5708,300,28,11
5709,300,10,10
5710,300,100,9
5711,300,35,8
5712,300,6,7
5713,300,101,6
5714,300,284,5
5715,300,316,4
5716,300,193,3
5717,300,11,2
5718,300,115,1
5719,301,300,20
5720,301,29,18
5721,301,16,17
5722,301,22,16
5723,301,30,15
5724,301,306,14
5725,301,307,13
5726,301,308,12
5727,301,28,11
5728,301,10,10
5729,301,100,9
5730,301,35,8
5731,301,6,7
5732,301,101,6
5733,301,284,5
5734,301,316,4
5735,301,193,3
5736,301,11,2
5737,301,115,1
5738,29,300,20
5739,29,301,19
5740,29,16,17
5741,29,22,16
5742,29,30,15
5743,29,306,14
5744,29,307,13
5745,29,308,12
5746,29,28,11
5747,29,10,10
5748,29,100,9
5749,29,35,8
5750,29,6,7
5751,29,101,6
5752,29,284,5
5753,29,316,4
5754,29,193,3
5755,29,11,2
5756,29,115,1
5757,16,300,20
5758,16,301,19
5759,16,29,18
5760,16,22,16
5761,16,30,15
5762,16,306,14
5763,16,307,13
5764,16,308,12
5765,16,28,11
5766,16,10,10
5767,16,100,9
5768,16,35,8
5769,16,6,7
5770,16,101,6
5771,16,284,5
5772,16,316,4
5773,16,193,3
5774,16,11,2
5775,16,115,1
5776,22,300,20
5777,22,301,19
5778,22,29,18
5779,22,16,17
5780,22,30,15
5781,22,306,14
5782,22,307,13
5783,22,308,12
5784,22,28,11
5785,22,10,10
5786,22,100,9
5787,22,35,8
5788,22,6,7
5789,22,101,6
5790,22,284,5
5791,22,316,4
5792,22,193,3
5793,22,11,2
5794,22,115,1
5795,30,300,20
5796,30,301,19
5797,30,29,18
5798,30,16,17
5799,30,22,16
5800,30,306,14
5801,30,307,13
5802,30,308,12
5803,30,28,11
5804,30,10,10
5805,30,100,9
5806,30,35,8
5807,30,6,7
5808,30,101,6
5809,30,284,5
5810,30,316,4
5811,30,193,3
5812,30,11,2
5813,30,115,1
5814,306,300,20
5815,306,301,19
5816,306,29,18
5817,306,16,17
5818,306,22,16
5819,306,30,15
5820,306,307,13
5821,306,308,12
5822,306,28,11
5823,306,10,10
5824,306,100,9
5825,306,35,8
5826,306,6,7
5827,306,101,6
5828,306,284,5
5829,306,316,4
5830,306,193,3
5831,306,11,2
5832,306,115,1
5833,307,300,20
5834,307,301,19
5835,307,29,18
5836,307,16,17
5837,307,22,16
5838,307,30,15
5839,307,306,14
5840,307,308,12
5841,307,28,11
5842,307,10,10
5843,307,100,9
5844,307,35,8
5845,307,6,7
5846,307,101,6
5847,307,284,5
5848,307,316,4
5849,307,193,3
5850,307,11,2
5851,307,115,1
5852,308,300,20
5853,308,301,19
5854,308,29,18
5855,308,16,17
5856,308,22,16
5857,308,30,15
5858,308,306,14
5859,308,307,13
5860,308,28,11
5861,308,10,10
5862,308,100,9
5863,308,35,8
5864,308,6,7
5865,308,101,6
5866,308,284,5
5867,308,316,4
5868,308,193,3
5869,308,11,2
5870,308,115,1
5871,28,300,20
5872,28,301,19
5873,28,29,18
5874,28,16,17
5875,28,22,16
5876,28,30,15
5877,28,306,14
5878,28,307,13
5879,28,308,12
5880,28,10,10
5881,28,100,9
5882,28,35,8
5883,28,6,7
5884,28,101,6
5885,28,284,5
5886,28,316,4
5887,28,193,3
5888,28,11,2
5889,28,115,1
5890,10,300,20
5891,10,301,19
5892,10,29,18
5893,10,16,17
5894,10,22,16
5895,10,30,15
5896,10,306,14
5897,10,307,13
5898,10,308,12
5899,10,28,11
5900,10,100,9
5901,10,35,8
5902,10,6,7
5903,10,101,6
5904,10,284,5
5905,10,316,4
5906,10,193,3
5907,10,11,2
5908,10,115,1
5909,100,300,20
5910,100,301,19
5911,100,29,18
5912,100,16,17
5913,100,22,16
5914,100,30,15
5915,100,306,14
5916,100,307,13
5917,100,308,12
5918,100,28,11
5919,100,10,10
5920,100,35,8
5921,100,6,7
5922,100,101,6
5923,100,284,5
5924,100,316,4
5925,100,193,3
5926,100,11,2
5927,100,115,1
5928,35,300,20
5929,35,301,19
5930,35,29,18
5931,35,16,17
5932,35,22,16
5933,35,30,15
5934,35,306,14
5935,35,307,13
5936,35,308,12
5937,35,28,11
5938,35,10,10
5939,35,100,9
5940,35,6,7
5941,35,101,6
5942,35,284,5
5943,35,316,4
5944,35,193,3
5945,35,11,2
5946,35,115,1
5947,6,300,20
5948,6,301,19
5949,6,29,18
5950,6,16,17
5951,6,22,16
5952,6,30,15
5953,6,306,14
5954,6,307,13
5955,6,308,12
5956,6,28,11
5957,6,10,10
5958,6,100,9
5959,6,35,8
5960,6,101,6
5961,6,284,5
5962,6,316,4
5963,6,193,3
5964,6,11,2
5965,6,115,1
5966,101,300,20
5967,101,301,19
5968,101,29,18
5969,101,16,17
5970,101,22,16
5971,101,30,15
5972,101,306,14
5973,101,307,13
5974,101,308,12
5975,101,28,11
5976,101,10,10
5977,101,100,9
5978,101,35,8
5979,101,6,7
5980,101,284,5
5981,101,316,4
5982,101,193,3
5983,101,11,2
5984,101,115,1
5985,284,300,20
5986,284,301,19
5987,284,29,18
5988,284,16,17
5989,284,22,16
5990,284,30,15
5991,284,306,14
5992,284,307,13
5993,284,308,12
5994,284,28,11
5995,284,10,10
5996,284,100,9
5997,284,35,8
5998,284,6,7
5999,284,101,6
6000,284,316,4
6001,284,193,3
6002,284,11,2
6003,284,115,1
6004,316,300,20
6005,316,301,19
6006,316,29,18
6007,316,16,17
6008,316,22,16
6009,316,30,15
6010,316,306,14
6011,316,307,13
6012,316,308,12
6013,316,28,11
6014,316,10,10
6015,316,100,9
6016,316,35,8
6017,316,6,7
6018,316,101,6
6019,316,284,5
6020,316,193,3
6021,316,11,2
6022,316,115,1
6023,193,300,20
6024,193,301,19
6025,193,29,18
6026,193,16,17
6027,193,22,16
6028,193,30,15
6029,193,306,14
6030,193,307,13
6031,193,308,12
6032,193,28,11
6033,193,10,10
6034,193,100,9
6035,193,35,8
6036,193,6,7
6037,193,101,6
6038,193,284,5
6039,193,316,4
6040,193,11,2
6041,193,115,1
6042,11,300,20
6043,11,301,19
6044,11,29,18
6045,11,16,17
6046,11,22,16
6047,11,30,15
6048,11,306,14
6049,11,307,13
6050,11,308,12
6051,11,28,11
6052,11,10,10
6053,11,100,9
6054,11,35,8
6055,11,6,7
6056,11,101,6
6057,11,284,5
6058,11,316,4
6059,11,193,3
6060,11,115,1
6061,115,300,20
6062,115,301,19
6063,115,29,18
6064,115,16,17
6065,115,22,16
6066,115,30,15
6067,115,306,14
6068,115,307,13
6069,115,308,12
6070,115,28,11
6071,115,10,10
6072,115,100,9
6073,115,35,8
6074,115,6,7
6075,115,101,6
6076,115,284,5
6077,115,316,4
6078,115,193,3
6079,115,11,2
6080,20,29,19
6081,20,322,18
6082,20,323,17
6083,20,71,16
6084,20,31,15
6085,20,65,14
6086,20,327,13
6087,20,328,12
6088,20,35,11
6089,20,93,10
6090,20,331,9
6091,20,332,8
6092,20,131,7
6093,20,334,6
6094,20,69,5
6095,20,25,4
6096,20,337,3
6097,20,253,2
6098,20,21,1
6099,29,20,20
6100,29,322,18
6101,29,323,17
6102,29,71,16
6103,29,31,15
6104,29,65,14
6105,29,327,13
6106,29,328,12
6107,29,35,11
6108,29,93,10
6109,29,331,9
6110,29,332,8
6111,29,131,7
6112,29,334,6
6113,29,69,5
6114,29,25,4
6115,29,337,3
6116,29,253,2
6117,29,21,1
6118,322,20,20
6119,322,29,19
6120,322,323,17
6121,322,71,16
6122,322,31,15
6123,322,65,14
6124,322,327,13
6125,322,328,12
6126,322,35,11
6127,322,93,10
6128,322,331,9
6129,322,332,8
6130,322,131,7
6131,322,334,6
6132,322,69,5
6133,322,25,4
6134,322,337,3
6135,322,253,2
6136,322,21,1
6137,323,20,20
6138,323,29,19
6139,323,322,18
6140,323,71,16
6141,323,31,15
6142,323,65,14
6143,323,327,13
6144,323,328,12
6145,323,35,11
6146,323,93,10
6147,323,331,9
6148,323,332,8
6149,323,131,7
6150,323,334,6
6151,323,69,5
6152,323,25,4
6153,323,337,3
6154,323,253,2
6155,323,21,1
6156,71,20,20
6157,71,29,19
6158,71,322,18
6159,71,323,17
6160,71,31,15
6161,71,65,14
6162,71,327,13
6163,71,328,12
6164,71,35,11
6165,71,93,10
6166,71,331,9
6167,71,332,8
6168,71,131,7
6169,71,334,6
6170,71,69,5
6171,71,25,4
6172,71,337,3
6173,71,253,2
6174,71,21,1
6175,31,20,20
6176,31,29,19
6177,31,322,18
6178,31,323,17
6179,31,71,16
6180,31,65,14
6181,31,327,13
6182,31,328,12
6183,31,35,11
6184,31,93,10
6185,31,331,9
6186,31,332,8
6187,31,131,7
6188,31,334,6
6189,31,69,5
6190,31,25,4
6191,31,337,3
6192,31,253,2
6193,31,21,1
6194,65,20,20
6195,65,29,19
6196,65,322,18
6197,65,323,17
6198,65,71,16
6199,65,31,15
6200,65,327,13
6201,65,328,12
6202,65,35,11
6203,65,93,10
6204,65,331,9
6205,65,332,8
6206,65,131,7
6207,65,334,6
6208,65,69,5
6209,65,25,4
6210,65,337,3
6211,65,253,2
6212,65,21,1
6213,327,20,20
6214,327,29,19
6215,327,322,18
6216,327,323,17
6217,327,71,16
6218,327,31,15
6219,327,65,14
6220,327,328,12
6221,327,35,11
6222,327,93,10
6223,327,331,9
6224,327,332,8
6225,327,131,7
6226,327,334,6
6227,327,69,5
6228,327,25,4
6229,327,337,3
6230,327,253,2
6231,327,21,1
6232,328,20,20
6233,328,29,19
6234,328,322,18
6235,328,323,17
6236,328,71,16
6237,328,31,15
6238,328,65,14
6239,328,327,13
6240,328,35,11
6241,328,93,10
6242,328,331,9
6243,328,332,8
6244,328,131,7
6245,328,334,6
6246,328,69,5
6247,328,25,4
6248,328,337,3
6249,328,253,2
6250,328,21,1
6251,35,20,20
6252,35,29,19
6253,35,322,18
6254,35,323,17
6255,35,71,16
6256,35,31,15
6257,35,65,14
6258,35,327,13
6259,35,328,12
6260,35,93,10
6261,35,331,9
6262,35,332,8
6263,35,131,7
6264,35,334,6
6265,35,69,5
6266,35,25,4
6267,35,337,3
6268,35,253,2
6269,35,21,1
6270,93,20,20
6271,93,29,19
6272,93,322,18
6273,93,323,17
6274,93,71,16
6275,93,31,15
6276,93,65,14
6277,93,327,13
6278,93,328,12
6279,93,35,11
6280,93,331,9
6281,93,332,8
6282,93,131,7
6283,93,334,6
6284,93,69,5
6285,93,25,4
6286,93,337,3
6287,93,253,2
6288,93,21,1
6289,331,20,20
6290,331,29,19
6291,331,322,18
6292,331,323,17
6293,331,71,16
6294,331,31,15
6295,331,65,14
6296,331,327,13
6297,331,328,12
6298,331,35,11
6299,331,93,10
6300,331,332,8
6301,331,131,7
6302,331,334,6
6303,331,69,5
6304,331,25,4
6305,331,337,3
6306,331,253,2
6307,331,21,1
6308,332,20,20
6309,332,29,19
6310,332,322,18
6311,332,323,17
6312,332,71,16
6313,332,31,15
6314,332,65,14
6315,332,327,13
6316,332,328,12
6317,332,35,11
6318,332,93,10
6319,332,331,9
6320,332,131,7
6321,332,334,6
6322,332,69,5
6323,332,25,4
6324,332,337,3
6325,332,253,2
6326,332,21,1
6327,131,20,20
6328,131,29,19
6329,131,322,18
6330,131,323,17
6331,131,71,16
6332,131,31,15
6333,131,65,14
6334,131,327,13
6335,131,328,12
6336,131,35,11
6337,131,93,10
6338,131,331,9
6339,131,332,8
6340,131,334,6
6341,131,69,5
6342,131,25,4
6343,131,337,3
6344,131,253,2
6345,131,21,1
6346,334,20,20
6347,334,29,19
6348,334,322,18
6349,334,323,17
6350,334,71,16
6351,334,31,15
6352,334,65,14
6353,334,327,13
6354,334,328,12
6355,334,35,11
6356,334,93,10
6357,334,331,9
6358,334,332,8
6359,334,131,7
6360,334,69,5
6361,334,25,4
6362,334,337,3
6363,334,253,2
6364,334,21,1
6365,69,20,20
6366,69,29,19
6367,69,322,18
6368,69,323,17
6369,69,71,16
6370,69,31,15
6371,69,65,14
6372,69,327,13
6373,69,328,12
6374,69,35,11
6375,69,93,10
6376,69,331,9
6377,69,332,8
6378,69,131,7
6379,69,334,6
6380,69,25,4
6381,69,337,3
6382,69,253,2
6383,69,21,1
6384,25,20,20
6385,25,29,19
6386,25,322,18
6387,25,323,17
6388,25,71,16
6389,25,31,15
6390,25,65,14
6391,25,327,13
6392,25,328,12
6393,25,35,11
6394,25,93,10
6395,25,331,9
6396,25,332,8
6397,25,131,7
6398,25,334,6
6399,25,69,5
6400,25,337,3
6401,25,253,2
6402,25,21,1
6403,337,20,20
6404,337,29,19
6405,337,322,18
6406,337,323,17
6407,337,71,16
6408,337,31,15
6409,337,65,14
6410,337,327,13
6411,337,328,12
6412,337,35,11
6413,337,93,10
6414,337,331,9
6415,337,332,8
6416,337,131,7
6417,337,334,6
6418,337,69,5
6419,337,25,4
6420,337,253,2
6421,337,21,1
6422,253,20,20
6423,253,29,19
6424,253,322,18
6425,253,323,17
6426,253,71,16
6427,253,31,15
6428,253,65,14
6429,253,327,13
6430,253,328,12
6431,253,35,11
6432,253,93,10
6433,253,331,9
6434,253,332,8
6435,253,131,7
6436,253,334,6
6437,253,69,5
6438,253,25,4
6439,253,337,3
6440,253,21,1
6441,21,20,20
6442,21,29,19
6443,21,322,18
6444,21,323,17
6445,21,71,16
6446,21,31,15
6447,21,65,14
6448,21,327,13
6449,21,328,12
6450,21,35,11
6451,21,93,10
6452,21,331,9
6453,21,332,8
6454,21,131,7
6455,21,334,6
6456,21,69,5
6457,21,25,4
6458,21,337,3
6459,21,253,2
6460,6,341,19
6461,6,342,18
6462,6,343,17
6463,6,344,16
6464,6,345,15
6465,6,346,14
6466,6,0,13
6467,6,65,12
6468,6,71,11
6469,6,350,10
6470,6,5,9
6471,6,12,8
6472,6,111,7
6473,6,354,6
6474,6,355,5
6475,6,356,4
6476,6,357,3
6477,6,28,2
6478,6,241,1
6479,341,6,20
6480,341,342,18
6481,341,343,17
6482,341,344,16
6483,341,345,15
6484,341,346,14
6485,341,0,13
6486,341,65,12
6487,341,71,11
6488,341,350,10
6489,341,5,9
6490,341,12,8
6491,341,111,7
6492,341,354,6
6493,341,355,5
6494,341,356,4
6495,341,357,3
6496,341,28,2
6497,341,241,1
6498,342,6,20
6499,342,341,19
6500,342,343,17
6501,342,344,16
6502,342,345,15
6503,342,346,14
6504,342,0,13
6505,342,65,12
6506,342,71,11
6507,342,350,10
6508,342,5,9
6509,342,12,8
6510,342,111,7
6511,342,354,6
6512,342,355,5
6513,342,356,4
6514,342,357,3
6515,342,28,2
6516,342,241,1
6517,343,6,20
6518,343,341,19
6519,343,342,18
6520,343,344,16
6521,343,345,15
6522,343,346,14
6523,343,0,13
6524,343,65,12
6525,343,71,11
6526,343,350,10
6527,343,5,9
6528,343,12,8
6529,343,111,7
6530,343,354,6
6531,343,355,5
6532,343,356,4
6533,343,357,3
6534,343,28,2
6535,343,241,1
6536,344,6,20
6537,344,341,19
6538,344,342,18
6539,344,343,17
6540,344,345,15
6541,344,346,14
6542,344,0,13
6543,344,65,12
6544,344,71,11
6545,344,350,10
6546,344,5,9
6547,344,12,8
6548,344,111,7
6549,344,354,6
6550,344,355,5
6551,344,356,4
6552,344,357,3
6553,344,28,2
6554,344,241,1
6555,345,6,20
6556,345,341,19
6557,345,342,18
6558,345,343,17
6559,345,344,16
6560,345,346,14
6561,345,0,13
6562,345,65,12
6563,345,71,11
6564,345,350,10
6565,345,5,9
6566,345,12,8
6567,345,111,7
6568,345,354,6
6569,345,355,5
6570,345,356,4
6571,345,357,3
6572,345,28,2
6573,345,241,1
6574,346,6,20
6575,346,341,19
6576,346,342,18
6577,346,343,17
6578,346,344,16
6579,346,345,15
6580,346,0,13
6581,346,65,12
6582,346,71,11
6583,346,350,10
6584,346,5,9
6585,346,12,8
6586,346,111,7
6587,346,354,6
6588,346,355,5
6589,346,356,4
6590,346,357,3
6591,346,28,2
6592,346,241,1
6593,0,6,20
6594,0,341,19
6595,0,342,18
6596,0,343,17
6597,0,344,16
6598,0,345,15
6599,0,346,14
6600,0,65,12
6601,0,71,11
6602,0,350,10
6603,0,5,9
6604,0,12,8
6605,0,111,7
6606,0,354,6
6607,0,355,5
6608,0,356,4
6609,0,357,3
6610,0,28,2
6611,0,241,1
6612,65,6,20
6613,65,341,19
6614,65,342,18
6615,65,343,17
6616,65,344,16
6617,65,345,15
6618,65,346,14
6619,65,0,13
6620,65,71,11
6621,65,350,10
6622,65,5,9
6623,65,12,8
6624,65,111,7
6625,65,354,6
6626,65,355,5
6627,65,356,4
6628,65,357,3
6629,65,28,2
6630,65,241,1
6631,71,6,20
6632,71,341,19
6633,71,342,18
6634,71,343,17
6635,71,344,16
6636,71,345,15
6637,71,346,14
6638,71,0,13
6639,71,65,12
6640,71,350,10
6641,71,5,9
6642,71,12,8
6643,71,111,7
6644,71,354,6
6645,71,355,5
6646,71,356,4
6647,71,357,3
6648,71,28,2
6649,71,241,1
6650,350,6,20
6651,350,341,19
6652,350,342,18
6653,350,343,17
6654,350,344,16
6655,350,345,15
6656,350,346,14
6657,350,0,13
6658,350,65,12
6659,350,71,11
6660,350,5,9
6661,350,12,8
6662,350,111,7
6663,350,354,6
6664,350,355,5
6665,350,356,4
6666,350,357,3
6667,350,28,2
6668,350,241,1
6669,5,6,20
6670,5,341,19
6671,5,342,18
6672,5,343,17
6673,5,344,16
6674,5,345,15
6675,5,346,14
6676,5,0,13
6677,5,65,12
6678,5,71,11
6679,5,350,10
6680,5,12,8
6681,5,111,7
6682,5,354,6
6683,5,355,5
6684,5,356,4
6685,5,357,3
6686,5,28,2
6687,5,241,1
6688,12,6,20
6689,12,341,19
6690,12,342,18
6691,12,343,17
6692,12,344,16
6693,12,345,15
6694,12,346,14
6695,12,0,13
6696,12,65,12
6697,12,71,11
6698,12,350,10
6699,12,5,9
6700,12,111,7
6701,12,354,6
6702,12,355,5
6703,12,356,4
6704,12,357,3
6705,12,28,2
6706,12,241,1
6707,111,6,20
6708,111,341,19
6709,111,342,18
6710,111,343,17
6711,111,344,16
6712,111,345,15
6713,111,346,14
6714,111,0,13
6715,111,65,12
6716,111,71,11
6717,111,350,10
6718,111,5,9
6719,111,12,8
6720,111,354,6
6721,111,355,5
6722,111,356,4
6723,111,357,3
6724,111,28,2
6725,111,241,1
6726,354,6,20
6727,354,341,19
6728,354,342,18
6729,354,343,17
6730,354,344,16
6731,354,345,15
6732,354,346,14
6733,354,0,13
6734,354,65,12
6735,354,71,11
6736,354,350,10
6737,354,5,9
6738,354,12,8
6739,354,111,7
6740,354,355,5
6741,354,356,4
6742,354,357,3
6743,354,28,2
6744,354,241,1
6745,355,6,20
6746,355,341,19
6747,355,342,18
6748,355,343,17
6749,355,344,16
6750,355,345,15
6751,355,346,14
6752,355,0,13
6753,355,65,12
6754,355,71,11
6755,355,350,10
6756,355,5,9
6757,355,12,8
6758,355,111,7
6759,355,354,6
6760,355,356,4
6761,355,357,3
6762,355,28,2
6763,355,241,1
6764,356,6,20
6765,356,341,19
6766,356,342,18
6767,356,343,17
6768,356,344,16
6769,356,345,15
6770,356,346,14
6771,356,0,13
6772,356,65,12
6773,356,71,11
6774,356,350,10
6775,356,5,9
6776,356,12,8
6777,356,111,7
6778,356,354,6
6779,356,355,5
6780,356,357,3
6781,356,28,2
6782,356,241,1
6783,357,6,20
6784,357,341,19
6785,357,342,18
6786,357,343,17
6787,357,344,16
6788,357,345,15
6789,357,346,14
6790,357,0,13
6791,357,65,12
6792,357,71,11
6793,357,350,10
6794,357,5,9
6795,357,12,8
6796,357,111,7
6797,357,354,6
6798,357,355,5
6799,357,356,4
6800,357,28,2
6801,357,241,1
6802,28,6,20
6803,28,341,19
6804,28,342,18
6805,28,343,17
6806,28,344,16
6807,28,345,15
6808,28,346,14
6809,28,0,13
6810,28,65,12
6811,28,71,11
6812,28,350,10
6813,28,5,9
6814,28,12,8
6815,28,111,7
6816,28,354,6
6817,28,355,5
6818,28,356,4
6819,28,357,3
6820,28,241,1
6821,241,6,20
6822,241,341,19
6823,241,342,18
6824,241,343,17
6825,241,344,16
6826,241,345,15
6827,241,346,14
6828,241,0,13
6829,241,65,12
6830,241,71,11
6831,241,350,10
6832,241,5,9
6833,241,12,8
6834,241,111,7
6835,241,354,6
6836,241,355,5
6837,241,356,4
6838,241,357,3
6839,241,28,2
